,Value,Positions,Height,Main position
Kai Havertz,€75.00m,"['Centre-Forward', 'Attacking Midfield', 'Right Winger']","1,93 m",Centre-Forward
Gabriel Martinelli,€60.00m,"['Left Winger', 'Right Winger']","1,78 m",Left Winger
Ethan Nwaneri,€12.00m,"['Attacking Midfield', 'Centre-Forward', 'Right Winger']","1,76 m",Attacking Midfield
Raheem Sterling,€35.00m,"['Left Winger', 'Right Winger', 'Centre-Forward']","1,70 m",Left Winger
Jorginho,€12.00m,"['Defensive Midfield', 'Central Midfield']","1,78 m",Defensive Midfield
Mikel Merino,€50.00m,"['Central Midfield', 'Defensive Midfield']","1,89 m",Central Midfield
Myles Lewis-Skelly,€5.00m,"['Defensive Midfield', 'Central Midfield', 'Left-Back']","1,78 m",Defensive Midfield
William Saliba,€80.00m,['Centre-Back'],"1,92 m",Centre-Back
Gabriel Magalhaes,€75.00m,['Centre-Back'],"1,90 m",Centre-Back
Jurrien Timber,€38.00m,"['Centre-Back', 'Right-Back', 'Left-Back']","1,79 m",Centre-Back
David Raya,€35.00m,['Goalkeeper'],"1,83 m",Goalkeeper
Neto,€55.00m,"['Right Winger', 'Left Winger', 'Attacking Midfield']","1,73 m",Right Winger
Riccardo Calafiori,€45.00m,"['Left-Back', 'Centre-Back']","1,88 m",Left-Back
Takehiro Tomiyasu,€35.00m,"['Right-Back', 'Centre-Back', 'Left-Back']","1,88 m",Right-Back
Jakub Kiwior,€30.00m,"['Centre-Back', 'Left-Back', 'Defensive Midfield']","1,89 m",Centre-Back
Oleksandr Zinchenko,€35.00m,"['Left-Back', 'Left Midfield', 'Central Midfield']","1,75 m",Left-Back
Thomas Partey,€18.00m,"['Defensive Midfield', 'Central Midfield', 'Right-Back']","1,85 m",Defensive Midfield
Jamie Vardy,€1.00m,['Centre-Forward'],"1,79 m",Centre-Forward
Odsonne Edouard,€18.00m,['Centre-Forward'],"1,87 m",Centre-Forward
Wilfred Ndidi,€16.00m,"['Defensive Midfield', 'Central Midfield', 'Attacking Midfield']","1,83 m",Defensive Midfield
Harry Winks,€12.00m,"['Defensive Midfield', 'Central Midfield']","1,78 m",Defensive Midfield
Boubakary Soumare,€14.00m,"['Defensive Midfield', 'Central Midfield']","1,88 m",Defensive Midfield
Bobby Decordova-Reid,€5.00m,"['Right Winger', 'Central Midfield', 'Attacking Midfield']","1,70 m",Right Winger
Victor Kristiansen,€15.00m,['Left-Back'],"1,81 m",Left-Back
Ricardo Pereira,€8.00m,"['Right-Back', 'Right Midfield', 'Left-Back']","1,75 m",Right-Back
James Justin,€15.00m,"['Right-Back', 'Left-Back']","1,83 m",Right-Back
Caleb Okoli,€12.00m,['Centre-Back'],"1,91 m",Centre-Back
Luke Thomas,€6.00m,"['Left-Back', 'Left Midfield']","1,81 m",Left-Back
Mads Hermansen,€9.00m,['Goalkeeper'],"1,87 m",Goalkeeper
Facundo Buonanotte,€18.00m,"['Attacking Midfield', 'Right Winger', 'Right Midfield']","1,74 m",Attacking Midfield
Hamza Choudhury,€4.50m,"['Defensive Midfield', 'Central Midfield']","1,78 m",Defensive Midfield
Jannik Vestergaard,€3.00m,"['Centre-Back', 'Defensive Midfield']","1,99 m",Centre-Back
Abdul Fatawu Issahaku,€13.00m,"['Right Winger', 'Attacking Midfield', 'Left Winger']","1,77 m",Right Winger
Kasey McAteer,€900k,"['Right Winger', 'Left Winger', 'Attacking Midfield']","1,77 m",Right Winger
Bilal El Khannouss,€30.00m,"['Attacking Midfield', 'Central Midfield', 'Left Winger']","1,80 m",Attacking Midfield
Evan Ferguson,€45.00m,['Centre-Forward'],"1,88 m",Centre-Forward
Danny Welbeck,€5.00m,"['Centre-Forward', 'Left Winger']","1,85 m",Centre-Forward
Brajan Gruda,€25.00m,"['Right Winger', 'Centre-Forward', 'Attacking Midfield']","1,78 m",Right Winger
Simon Adingra,€30.00m,"['Right Winger', 'Left Winger', 'Left Midfield']","1,75 m",Right Winger
Julio Enciso,€22.00m,"['Attacking Midfield', 'Second Striker', 'Left Winger']","1,73 m",Attacking Midfield
Jakub Moder,€10.00m,"['Central Midfield', 'Defensive Midfield', 'Attacking Midfield']","1,91 m",Central Midfield
James Milner,€1.00m,"['Central Midfield', 'Right-Back', 'Left-Back']","1,75 m",Central Midfield
Matt O'Riley,€20.00m,"['Central Midfield', 'Attacking Midfield', 'Defensive Midfield']","1,89 m",Central Midfield
Mats Wieffer,€30.00m,"['Defensive Midfield', 'Central Midfield', 'Centre-Back']","1,88 m",Defensive Midfield
Yasin Ayari,€4.50m,"['Central Midfield', 'Right Midfield', 'Attacking Midfield']","1,72 m",Central Midfield
Joel Veltman,€8.00m,"['Right-Back', 'Centre-Back']","1,84 m",Right-Back
Jack Hinshelwood,€20.00m,"['Central Midfield', 'Right-Back', 'Left-Back']","1,82 m",Central Midfield
Bart Verbruggen,€22.00m,['Goalkeeper'],"1,94 m",Goalkeeper
Jason Steele,€3.50m,['Goalkeeper'],"1,88 m",Goalkeeper
Joao Pedro,€25.00m,"['Right-Back', 'Left-Back', 'Right Midfield']","1,82 m",Right-Back
Carlos Baleba,€22.00m,"['Defensive Midfield', 'Central Midfield']","1,79 m",Defensive Midfield
Pervis Estupinan,€30.00m,"['Left-Back', 'Left Midfield']","1,75 m",Left-Back
Tariq Lamptey,€12.00m,"['Right-Back', 'Right Midfield', 'Left-Back']","1,63 m",Right-Back
Kaoru Mitoma,€45.00m,"['Left Winger', 'Left Midfield']","1,78 m",Left Winger
Jan Paul van Hecke,€22.00m,['Centre-Back'],"1,89 m",Centre-Back
Ferdi Kadıoglu,€30.00m,"['Left-Back', 'Right-Back', 'Central Midfield']","1,74 m",Left-Back
Yoane Wissa,€28.00m,"['Centre-Forward', 'Left Winger', 'Right Winger']","1,76 m",Centre-Forward
Kevin Schade,€22.00m,"['Left Winger', 'Right Winger', 'Centre-Forward']","1,85 m",Left Winger
Yehor Yarmoliuk,€10.00m,"['Attacking Midfield', 'Central Midfield']","1,80 m",Attacking Midfield
Mathias Jensen,€28.00m,['Central Midfield'],"1,80 m",Central Midfield
Mads Roerslev,€10.00m,"['Right-Back', 'Right Midfield']","1,84 m",Right-Back
Sepp van den Berg,€18.00m,"['Centre-Back', 'Right-Back']","1,92 m",Centre-Back
Ethan Pinnock,€10.00m,['Centre-Back'],"1,94 m",Centre-Back
Kristoffer Ajer,€15.00m,"['Centre-Back', 'Right-Back', 'Left-Back']","1,98 m",Centre-Back
Ben Mee,€1.00m,"['Centre-Back', 'Left-Back']","1,80 m",Centre-Back
Mark Flekken,€12.00m,['Goalkeeper'],"1,95 m",Goalkeeper
Vitaly Janelt,€22.00m,"['Defensive Midfield', 'Central Midfield', 'Left-Back']","1,84 m",Defensive Midfield
Christian Nørgaard,€18.00m,"['Defensive Midfield', 'Central Midfield']","1,87 m",Defensive Midfield
Mikkel Damsgaard,€10.00m,"['Left Winger', 'Attacking Midfield', 'Centre-Forward']","1,80 m",Left Winger
Nathan Collins,€25.00m,['Centre-Back'],"1,93 m",Centre-Back
Bryan Mbeumo,€40.00m,"['Right Winger', 'Second Striker', 'Centre-Forward']","1,71 m",Right Winger
David Brooks,€8.00m,"['Right Winger', 'Attacking Midfield', 'Second Striker']","1,73 m",Right Winger
Antoine Semenyo,€20.00m,"['Right Winger', 'Left Winger', 'Centre-Forward']","1,85 m",Right Winger
Justin Kluivert,€14.00m,"['Left Winger', 'Right Winger', 'Attacking Midfield']","1,72 m",Left Winger
Alex Scott,€20.00m,"['Central Midfield', 'Attacking Midfield', 'Right Midfield']","1,78 m",Central Midfield
Ryan Christie,€12.00m,"['Central Midfield', 'Attacking Midfield', 'Right Midfield']","1,78 m",Central Midfield
Milos Kerkez,€20.00m,"['Left-Back', 'Left Midfield']","1,80 m",Left-Back
Illia Zabarnyi,€32.00m,['Centre-Back'],"1,89 m",Centre-Back
Dean Huijsen,€12.00m,['Centre-Back'],"1,97 m",Centre-Back
Max Aarons,€16.00m,"['Right-Back', 'Left-Back']","1,77 m",Right-Back
Adam Smith,€1.00m,"['Right-Back', 'Left-Back', 'Right Midfield']","1,74 m",Right-Back
Kepa Arrizabalaga,€12.00m,['Goalkeeper'],"1,88 m",Goalkeeper
Mark Travers,€3.50m,['Goalkeeper'],"1,91 m",Goalkeeper
Dango Ouattara,€20.00m,"['Left Winger', 'Left-Back', 'Right Winger']","1,77 m",Left Winger
Evanilson,€35.00m,['Centre-Forward'],"1,83 m",Centre-Forward
Philip Billing,€18.00m,"['Central Midfield', 'Defensive Midfield', 'Attacking Midfield']","1,93 m",Central Midfield
Julian Araujo,€8.00m,['Right-Back'],"1,76 m",Right-Back
Ollie Watkins,€65.00m,['Centre-Forward'],"1,80 m",Centre-Forward
Jhon Duran,€35.00m,['Centre-Forward'],"1,85 m",Centre-Forward
Youri Tielemans,€30.00m,"['Central Midfield', 'Defensive Midfield', 'Attacking Midfield']","1,77 m",Central Midfield
Amadou Onana,€55.00m,"['Defensive Midfield', 'Central Midfield']","1,95 m",Defensive Midfield
Leon Bailey,€42.00m,"['Right Winger', 'Left Winger']","1,78 m",Right Winger
John McGinn,€30.00m,"['Central Midfield', 'Left Midfield']","1,78 m",Central Midfield
Boubacar Kamara,€38.00m,"['Defensive Midfield', 'Centre-Back', 'Central Midfield']","1,84 m",Defensive Midfield
Jacob Ramsey,€32.00m,"['Attacking Midfield', 'Central Midfield', 'Left Midfield']","1,80 m",Attacking Midfield
Lamare Bogarde,€450k,"['Centre-Back', 'Defensive Midfield', 'Central Midfield']","1,85 m",Centre-Back
Pau Torres,€45.00m,['Centre-Back'],"1,92 m",Centre-Back
Lucas Digne,€12.00m,"['Left-Back', 'Left Midfield']","1,78 m",Left-Back
Ezri Konsa,€35.00m,"['Centre-Back', 'Right-Back']","1,83 m",Centre-Back
Robin Olsen,€1.50m,['Goalkeeper'],"1,96 m",Goalkeeper
Emiliano Martinez,€28.00m,['Goalkeeper'],"1,95 m",Goalkeeper
Ian Maatsen,€40.00m,"['Left-Back', 'Left Midfield', 'Left Winger']","1,78 m",Left-Back
Matty Cash,€28.00m,"['Right-Back', 'Right Midfield', 'Central Midfield']","1,85 m",Right-Back
Kosta Nedeljkovic,€8.00m,"['Right-Back', 'Right Midfield']","1,84 m",Right-Back
Morgan Rogers,€22.00m,"['Attacking Midfield', 'Right Winger', 'Left Winger']","1,87 m",Attacking Midfield
Chris Wood,€7.00m,['Centre-Forward'],"1,91 m",Centre-Forward
Jota Silva,€12.00m,"['Left Winger', 'Right Winger', 'Centre-Forward']","1,79 m",Left Winger
Anthony Elanga,€25.00m,"['Right Winger', 'Left Winger', 'Centre-Forward']","1,78 m",Right Winger
James Ward-Prowse,€22.00m,"['Central Midfield', 'Attacking Midfield', 'Right Midfield']","1,77 m",Central Midfield
Morgan Gibbs-White,€40.00m,"['Attacking Midfield', 'Central Midfield', 'Right Winger']","1,71 m",Attacking Midfield
Nicolas Dominguez,€17.00m,"['Central Midfield', 'Defensive Midfield', 'Left Midfield']","1,79 m",Central Midfield
Ola Aina,€12.00m,"['Right-Back', 'Left-Back', 'Right Midfield']","1,84 m",Right-Back
Neco Williams,€17.00m,"['Right-Back', 'Right Midfield', 'Left-Back']","1,83 m",Right-Back
Morato,€15.00m,"['Centre-Back', 'Left-Back']","1,92 m",Centre-Back
Harry Toffolo,€5.00m,"['Left-Back', 'Left Midfield']","1,83 m",Left-Back
Matz Sels,€7.00m,['Goalkeeper'],"1,88 m",Goalkeeper
Danilo,€7.00m,"['Centre-Back', 'Right-Back', 'Left-Back']","1,84 m",Centre-Back
Murillo,€40.00m,['Centre-Back'],"1,84 m",Centre-Back
Eric da Silva Moreira,€1.00m,"['Right Winger', 'Right-Back', 'Centre-Forward']","1,85 m",Right Winger
Alex Moreno,€13.00m,"['Left-Back', 'Left Midfield']","1,79 m",Left-Back
Nikola Milenkovic,€18.00m,"['Centre-Back', 'Right-Back']","1,95 m",Centre-Back
Willy Boly,€2.50m,['Centre-Back'],"1,95 m",Centre-Back
Taiwo Awoniyi,€28.00m,['Centre-Forward'],"1,83 m",Centre-Forward
Ibrahim Sangare,€30.00m,"['Defensive Midfield', 'Central Midfield']","1,91 m",Defensive Midfield
Ramon Sosa,€13.00m,"['Left Winger', 'Right Winger']","1,79 m",Left Winger
Hee-Chan Hwang,€25.00m,"['Centre-Forward', 'Left Winger', 'Right Winger']","1,77 m",Centre-Forward
Jørgen Strand Larsen,€25.00m,"['Centre-Forward', 'Right Winger', 'Left Winger']","1,93 m",Centre-Forward
Carlos Borges,€8.00m,"['Left Winger', 'Right Winger']","1,69 m",Left Winger
Nelson Semedo,€12.00m,"['Right-Back', 'Right Midfield']","1,77 m",Right-Back
Rodrigo Gomes,€15.00m,"['Right Midfield', 'Left Midfield', 'Right Winger']","1,75 m",Right Midfield
Yerson Mosquera,€6.00m,"['Centre-Back', 'Right-Back']","1,88 m",Centre-Back
Santiago Bueno,€8.00m,['Centre-Back'],"1,90 m",Centre-Back
Craig Dawson,€2.00m,"['Centre-Back', 'Right-Back']","1,88 m",Centre-Back
Jose Sa,,['Sweeper'],N/A,Sweeper
Sam Johnstone,€10.00m,['Goalkeeper'],"1,93 m",Goalkeeper
Andre,,"['Central Midfield', 'Attacking Midfield']","1,71 m",Central Midfield
Pablo Sarabia,€8.00m,"['Right Winger', 'Left Winger', 'Attacking Midfield']","1,74 m",Right Winger
Jean-Ricner Bellegarde,€18.00m,"['Central Midfield', 'Defensive Midfield', 'Left Midfield']","1,72 m",Central Midfield
Mario Lemina,€10.00m,"['Defensive Midfield', 'Central Midfield']","1,84 m",Defensive Midfield
Matt Doherty,€3.00m,"['Right-Back', 'Right Midfield', 'Left-Back']","1,85 m",Right-Back
Adama Traore,€9.00m,"['Right Winger', 'Centre-Forward', 'Left Winger']","1,78 m",Right Winger
Raul Jimenez,€5.00m,['Centre-Forward'],"1,87 m",Centre-Forward
Reiss Nelson,€15.00m,"['Right Winger', 'Left Winger', 'Attacking Midfield']","1,75 m",Right Winger
Rodrigo Muniz,€20.00m,['Centre-Forward'],"1,86 m",Centre-Forward
Andreas Pereira,€20.00m,"['Attacking Midfield', 'Central Midfield', 'Left Midfield']","1,78 m",Attacking Midfield
Sander Berge,€20.00m,"['Defensive Midfield', 'Central Midfield']","1,95 m",Defensive Midfield
Harrison Reed,€13.00m,"['Central Midfield', 'Defensive Midfield', 'Right Midfield']","1,81 m",Central Midfield
Timothy Castagne,€17.00m,"['Right-Back', 'Right Midfield', 'Left-Back']","1,85 m",Right-Back
Issa Diop,€20.00m,['Centre-Back'],"1,94 m",Centre-Back
Joshua King,€2.00m,"['Centre-Forward', 'Left Winger', 'Right Winger']","1,80 m",Centre-Forward
Bernd Leno,€13.00m,['Goalkeeper'],"1,90 m",Goalkeeper
Joachim Andersen,€35.00m,['Centre-Back'],"1,92 m",Centre-Back
Alex Iwobi,€25.00m,"['Left Winger', 'Right Winger', 'Attacking Midfield']","1,83 m",Left Winger
Calvin Bassey,€16.00m,"['Centre-Back', 'Left-Back']","1,85 m",Centre-Back
Harry Wilson,€17.00m,"['Right Winger', 'Left Winger', 'Attacking Midfield']","1,73 m",Right Winger
Kevin De Bruyne,€45.00m,"['Attacking Midfield', 'Central Midfield']","1,81 m",Attacking Midfield
Jack Grealish,€55.00m,"['Left Winger', 'Attacking Midfield', 'Left Midfield']","1,80 m",Left Winger
Mateo Kovacic,€30.00m,"['Central Midfield', 'Attacking Midfield', 'Defensive Midfield']","1,77 m",Central Midfield
Savinho,€50.00m,"['Right Winger', 'Left Winger', 'Attacking Midfield']","1,76 m",Right Winger
James McAtee,€12.00m,"['Attacking Midfield', 'Central Midfield', 'Right Winger']","1,80 m",Attacking Midfield
Josko Gvardiol,€75.00m,"['Left-Back', 'Centre-Back']","1,85 m",Left-Back
Ruben Dias,€80.00m,['Centre-Back'],"1,87 m",Centre-Back
John Stones,€38.00m,"['Centre-Back', 'Right-Back', 'Defensive Midfield']","1,88 m",Centre-Back
Nathan Ake,€40.00m,"['Centre-Back', 'Left-Back']","1,80 m",Centre-Back
Stefan Ortega,€9.00m,['Goalkeeper'],"1,85 m",Goalkeeper
Erling Haaland,€200.00m,['Centre-Forward'],"1,95 m",Centre-Forward
Bernardo Silva,€70.00m,"['Attacking Midfield', 'Right Winger', 'Central Midfield']","1,73 m",Attacking Midfield
Matheus Nunes,€40.00m,"['Central Midfield', 'Attacking Midfield']","1,83 m",Central Midfield
Michail Antonio,€4.00m,"['Centre-Forward', 'Right Midfield', 'Left Midfield']","1,80 m",Centre-Forward
Lucas Paqueta,€55.00m,"['Attacking Midfield', 'Central Midfield', 'Left Midfield']","1,80 m",Attacking Midfield
Jarrod Bowen,€50.00m,"['Right Winger', 'Second Striker', 'Centre-Forward']","1,76 m",Right Winger
Guido Rodriguez,€20.00m,"['Defensive Midfield', 'Central Midfield']","1,85 m",Defensive Midfield
Crysencio Summerville,€22.00m,"['Left Winger', 'Right Winger']","1,74 m",Left Winger
Carlos Soler,€20.00m,"['Central Midfield', 'Right Midfield', 'Attacking Midfield']","1,80 m",Central Midfield
Luis Guilherme,€24.00m,"['Right Winger', 'Attacking Midfield', 'Left Winger']","1,75 m",Right Winger
Jean-Clair Todibo,€35.00m,['Centre-Back'],"1,90 m",Centre-Back
Konstantinos Mavropanos,€20.00m,['Centre-Back'],"1,94 m",Centre-Back
Aaron Cresswell,€900k,"['Left-Back', 'Left Midfield', 'Centre-Back']","1,70 m",Left-Back
Alphonse Areola,€10.00m,['Goalkeeper'],"1,95 m",Goalkeeper
Tomas Soucek,€30.00m,"['Defensive Midfield', 'Central Midfield', 'Attacking Midfield']","1,92 m",Defensive Midfield
Vladimir Coufal,€8.00m,"['Right-Back', 'Right Midfield']","1,74 m",Right-Back
Niclas Fullkrug,€15.00m,['Centre-Forward'],"1,89 m",Centre-Forward
Emerson Palmieri,€12.00m,"['Left-Back', 'Left Midfield']","1,76 m",Left-Back
Łukasz Fabianski,€700k,['Goalkeeper'],"1,90 m",Goalkeeper
Andy Irving,€2.00m,"['Central Midfield', 'Attacking Midfield', 'Defensive Midfield']","1,90 m",Central Midfield
Mohammed Kudus,€50.00m,"['Right Winger', 'Attacking Midfield', 'Left Winger']","1,77 m",Right Winger
Liam Delap,€15.00m,"['Centre-Forward', 'Right Winger']","1,86 m",Centre-Forward
George Hirst,€4.00m,['Centre-Forward'],"1,91 m",Centre-Forward
Kalvin Phillips,€22.00m,"['Defensive Midfield', 'Central Midfield', 'Centre-Back']","1,79 m",Defensive Midfield
Sammie Szmodics,€10.00m,"['Attacking Midfield', 'Left Winger', 'Left Midfield']","1,68 m",Attacking Midfield
Jens Cajuste,€10.00m,"['Defensive Midfield', 'Central Midfield']","1,88 m",Defensive Midfield
Conor Chaplin,€7.00m,"['Second Striker', 'Centre-Forward', 'Left Winger']","1,68 m",Second Striker
Jack Taylor,€1.80m,"['Central Midfield', 'Defensive Midfield', 'Right Midfield']","1,85 m",Central Midfield
Massimo Luongo,€500k,"['Central Midfield', 'Defensive Midfield']","1,76 m",Central Midfield
Wes Burns,€2.00m,"['Right Winger', 'Right Midfield', 'Right-Back']","1,73 m",Right Winger
Dara O'Shea,€10.00m,"['Centre-Back', 'Right-Back']","1,89 m",Centre-Back
Harry Clarke,€5.00m,"['Right-Back', 'Centre-Back', 'Left-Back']","1,80 m",Right-Back
Luke Woolfenden,€2.00m,"['Centre-Back', 'Right-Back']","1,93 m",Centre-Back
Arijanet Muric,€7.00m,['Goalkeeper'],"1,98 m",Goalkeeper
Christian Walton,€900k,['Goalkeeper'],"1,95 m",Goalkeeper
Cameron Burgess,€1.50m,"['Centre-Back', 'Left-Back']","1,94 m",Centre-Back
Nathan Broadhead,€5.00m,"['Left Winger', 'Right Winger', 'Centre-Forward']","1,78 m",Left Winger
Richarlison,€35.00m,"['Centre-Forward', 'Left Winger', 'Right Winger']","1,84 m",Centre-Forward
Dominic Solanke,€45.00m,['Centre-Forward'],"1,86 m",Centre-Forward
Brennan Johnson,€48.00m,"['Right Winger', 'Left Winger', 'Centre-Forward']","1,86 m",Right Winger
Pape Matar Sarr,€45.00m,"['Central Midfield', 'Defensive Midfield']","1,84 m",Central Midfield
Dejan Kulusevski,€55.00m,"['Attacking Midfield', 'Right Winger', 'Second Striker']","1,86 m",Attacking Midfield
Yves Bissouma,€35.00m,"['Defensive Midfield', 'Central Midfield']","1,82 m",Defensive Midfield
Rodrigo Bentancur,€35.00m,"['Defensive Midfield', 'Central Midfield']","1,87 m",Defensive Midfield
Lucas Bergvall,€12.00m,"['Central Midfield', 'Attacking Midfield']","1,87 m",Central Midfield
Wilson Odobert,€18.00m,"['Right Winger', 'Left Winger', 'Attacking Midfield']","1,82 m",Right Winger
Ben Davies,€10.00m,"['Centre-Back', 'Left-Back']","1,81 m",Centre-Back
Djed Spence,€8.00m,"['Right-Back', 'Right Midfield', 'Left-Back']","1,84 m",Right-Back
Guglielmo Vicario,€35.00m,['Goalkeeper'],"1,94 m",Goalkeeper
Fraser Forster,€1.20m,['Goalkeeper'],"2,01 m",Goalkeeper
Cristian Romero,€65.00m,['Centre-Back'],"1,85 m",Centre-Back
Timo Werner,€17.00m,"['Left Winger', 'Centre-Forward', 'Right Winger']","1,80 m",Left Winger
Pedro Porro,€45.00m,"['Right-Back', 'Right Midfield']","1,73 m",Right-Back
Destiny Udogie,€45.00m,"['Left-Back', 'Left Midfield']","1,88 m",Left-Back
Heung-min Son,€45.00m,"['Left Winger', 'Centre-Forward', 'Second Striker']","1,84 m",Left Winger
Edward Nketiah,€30.00m,"['Centre-Forward', 'Right Winger', 'Left Winger']","1,75 m",Centre-Forward
Daichi Kamada,€18.00m,"['Attacking Midfield', 'Second Striker', 'Central Midfield']","1,84 m",Attacking Midfield
Adam Wharton,€30.00m,"['Defensive Midfield', 'Attacking Midfield', 'Central Midfield']","1,82 m",Defensive Midfield
Tyrick Mitchell,€25.00m,"['Left-Back', 'Left Midfield']","1,81 m",Left-Back
Jeffrey Schlupp,€7.00m,"['Left Midfield', 'Left-Back', 'Central Midfield']","1,78 m",Left Midfield
Will Hughes,€9.00m,"['Central Midfield', 'Left Midfield', 'Right Midfield']","1,85 m",Central Midfield
Justin Devenny,€150k,"['Central Midfield', 'Left Midfield', 'Right Midfield']","1,84 m",Central Midfield
Daniel Munoz,€23.00m,"['Right-Back', 'Right Midfield', 'Centre-Back']","1,81 m",Right-Back
Marc Guehi,€45.00m,['Centre-Back'],"1,82 m",Centre-Back
Maxence Lacroix,€20.00m,['Centre-Back'],"1,90 m",Centre-Back
Caleb Kporha,,"['Right-Back', 'Right Midfield', 'Left-Back']",,Right-Back
Chadi Riad,€15.00m,['Centre-Back'],"1,87 m",Centre-Back
Cheick Doucoure,€35.00m,['Defensive Midfield'],"1,80 m",Defensive Midfield
Ismaila Sarr,€18.00m,"['Right Winger', 'Centre-Forward', 'Left Winger']","1,85 m",Right Winger
Chris Richards,€12.00m,"['Centre-Back', 'Right-Back']","1,88 m",Centre-Back
Bruno Fernandes,€65.00m,"['Attacking Midfield', 'Second Striker', 'Central Midfield']","1,79 m",Attacking Midfield
Marcus Rashford,€60.00m,"['Left Winger', 'Centre-Forward', 'Right Winger']","1,85 m",Left Winger
Alejandro Garnacho,€50.00m,"['Left Winger', 'Right Winger', 'Attacking Midfield']","1,80 m",Left Winger
Antony,€20.00m,"['Right Winger', 'Left Winger']","1,72 m",Right Winger
Mason Mount,€35.00m,"['Attacking Midfield', 'Central Midfield', 'Left Midfield']","1,81 m",Attacking Midfield
Manuel Ugarte,€50.00m,"['Defensive Midfield', 'Central Midfield']","1,82 m",Defensive Midfield
Luke Shaw,€28.00m,"['Left-Back', 'Centre-Back']","1,78 m",Left-Back
Victor Lindelof,€15.00m,"['Centre-Back', 'Right-Back', 'Left-Back']","1,87 m",Centre-Back
Tyrell Malacia,€18.00m,['Left-Back'],"1,69 m",Left-Back
Jonny Evans,€2.00m,"['Centre-Back', 'Left-Back']","1,88 m",Centre-Back
Andre Onana,€35.00m,['Goalkeeper'],"1,90 m",Goalkeeper
Casemiro,€15.00m,"['Defensive Midfield', 'Centre-Back']","1,85 m",Defensive Midfield
Amad Diallo,€22.00m,"['Right Winger', 'Left Winger', 'Right Midfield']","1,73 m",Right Winger
Rasmus Højlund,€65.00m,['Centre-Forward'],"1,91 m",Centre-Forward
Leny Yoro,€55.00m,['Centre-Back'],"1,90 m",Centre-Back
Noussair Mazraoui,€30.00m,"['Right-Back', 'Left-Back', 'Central Midfield']","1,83 m",Right-Back
Matthijs de Ligt,€55.00m,['Centre-Back'],"1,89 m",Centre-Back
Diogo Dalot,€40.00m,"['Right-Back', 'Left-Back']","1,83 m",Right-Back
Joshua Zirkzee,€50.00m,"['Centre-Forward', 'Second Striker']","1,93 m",Centre-Forward
Ben Brereton Diaz,€8.00m,"['Centre-Forward', 'Left Winger']","1,85 m",Centre-Forward
Adam Armstrong,€16.00m,"['Centre-Forward', 'Right Winger', 'Left Winger']","1,73 m",Centre-Forward
Cameron Archer,€13.00m,"['Centre-Forward', 'Second Striker', 'Right Winger']","1,75 m",Centre-Forward
Ross Stewart,€4.50m,"['Centre-Forward', 'Left Winger', 'Right Winger']","1,88 m",Centre-Forward
Lesley Ugochukwu,€25.00m,"['Defensive Midfield', 'Central Midfield']","1,90 m",Defensive Midfield
Samuel Amo-Ameyaw,€300k,"['Right Winger', 'Left Winger', 'Attacking Midfield']","1,74 m",Right Winger
Ryan Fraser,€3.00m,"['Left Winger', 'Right Winger']","1,63 m",Left Winger
Flynn Downes,€13.00m,"['Defensive Midfield', 'Central Midfield', 'Attacking Midfield']","1,78 m",Defensive Midfield
Jan Bednarek,€11.00m,['Centre-Back'],"1,89 m",Centre-Back
Charlie Taylor,€3.00m,"['Left-Back', 'Centre-Back']","1,83 m",Left-Back
Jack Stephens,€2.00m,"['Centre-Back', 'Defensive Midfield', 'Right-Back']","1,85 m",Centre-Back
James Bree,€2.20m,['Right-Back'],,Right-Back
Alex McCarthy,€500k,['Goalkeeper'],"1,93 m",Goalkeeper
Joe Lumley,€600k,['Goalkeeper'],"1,90 m",Goalkeeper
Kamaldeen Sulemana,€13.00m,"['Left Winger', 'Right Winger', 'Centre-Forward']","1,75 m",Left Winger
Ryan Manning,€3.00m,"['Left-Back', 'Left Midfield', 'Centre-Back']","1,73 m",Left-Back
Will Smallbone,€5.00m,"['Central Midfield', 'Attacking Midfield', 'Defensive Midfield']","1,83 m",Central Midfield
Joe Aribo,€5.00m,"['Central Midfield', 'Attacking Midfield', 'Right Midfield']","1,83 m",Central Midfield
Paul Onuachu,€13.00m,['Centre-Forward'],"2,01 m",Centre-Forward
Taylor Harwood-Bellis,€22.00m,"['Centre-Back', 'Right-Back']","1,88 m",Centre-Back
Christopher Nkunku,€65.00m,"['Attacking Midfield', 'Centre-Forward', 'Left Winger']","1,77 m",Attacking Midfield
Enzo Fernandez,€75.00m,"['Central Midfield', 'Defensive Midfield', 'Attacking Midfield']","1,78 m",Central Midfield
Mykhaylo Mudryk,€30.00m,"['Left Winger', 'Right Winger']","1,75 m",Left Winger
Noni Madueke,€35.00m,['Right Winger'],"1,82 m",Right Winger
Romeo Lavia,€35.00m,"['Defensive Midfield', 'Central Midfield']","1,81 m",Defensive Midfield
Kiernan Dewsbury-Hall,€30.00m,"['Central Midfield', 'Defensive Midfield', 'Attacking Midfield']","1,78 m",Central Midfield
Reece James,€35.00m,"['Right-Back', 'Centre-Back', 'Right Midfield']","1,80 m",Right-Back
Levi Colwill,€50.00m,"['Centre-Back', 'Left-Back']","1,87 m",Centre-Back
Malo Gusto,€35.00m,"['Right-Back', 'Right Midfield']","1,78 m",Right-Back
Wesley Fofana,€25.00m,['Centre-Back'],"1,86 m",Centre-Back
Benoit Badiashile,€30.00m,['Centre-Back'],"1,94 m",Centre-Back
Filip Jørgensen,€20.00m,['Goalkeeper'],"1,92 m",Goalkeeper
Moises Caicedo,€75.00m,"['Defensive Midfield', 'Central Midfield', 'Right-Back']","1,78 m",Defensive Midfield
Robert Sanchez,€20.00m,['Goalkeeper'],"1,97 m",Goalkeeper
Joao Felix,€30.00m,"['Second Striker', 'Centre-Forward', 'Left Winger']","1,81 m",Second Striker
Renato Veiga,€8.00m,"['Centre-Back', 'Defensive Midfield', 'Left-Back']","1,90 m",Centre-Back
Nicolas Jackson,€40.00m,"['Centre-Forward', 'Right Winger', 'Left Winger']","1,87 m",Centre-Forward
Marc Cucurella,€30.00m,"['Left-Back', 'Left Midfield']","1,73 m",Left-Back
Beto,,['Goalkeeper'],"1,82 m",Goalkeeper
Abdoulaye Doucoure,€10.00m,"['Central Midfield', 'Defensive Midfield', 'Attacking Midfield']","1,83 m",Central Midfield
Idrissa Gueye,€2.00m,"['Central Midfield', 'Defensive Midfield']","1,74 m",Central Midfield
Jesper Lindstrøm,€22.00m,"['Right Winger', 'Attacking Midfield', 'Left Winger']","1,82 m",Right Winger
Vitaliy Mykolenko,€28.00m,"['Left-Back', 'Centre-Back', 'Left Midfield']","1,80 m",Left-Back
Jarrad Branthwaite,€42.00m,['Centre-Back'],"1,95 m",Centre-Back
Ashley Young,€500k,"['Left-Back', 'Right-Back', 'Left Midfield']","1,75 m",Left-Back
James Tarkowski,€13.00m,['Centre-Back'],"1,85 m",Centre-Back
Jake O'Brien,€15.00m,['Centre-Back'],"1,97 m",Centre-Back
Seamus Coleman,€500k,"['Right-Back', 'Right Midfield']","1,77 m",Right-Back
Nathan Patterson,€15.00m,"['Right-Back', 'Right Midfield', 'Left-Back']","1,89 m",Right-Back
Armando Broja,€18.00m,['Centre-Forward'],"1,91 m",Centre-Forward
Iliman Ndiaye,€15.00m,"['Left Winger', 'Centre-Forward', 'Attacking Midfield']","1,80 m",Left Winger
Jordan Pickford,€22.00m,['Goalkeeper'],"1,85 m",Goalkeeper
Miguel Almiron,€20.00m,"['Right Winger', 'Attacking Midfield', 'Left Winger']","1,74 m",Right Winger
Callum Wilson,€13.00m,['Centre-Forward'],"1,80 m",Centre-Forward
Bruno Guimaraes,€85.00m,"['Defensive Midfield', 'Central Midfield']","1,82 m",Defensive Midfield
Sandro Tonali,€38.00m,"['Central Midfield', 'Defensive Midfield']","1,81 m",Central Midfield
Joelinton,€40.00m,"['Central Midfield', 'Attacking Midfield', 'Left Winger']","1,86 m",Central Midfield
Kieran Trippier,€10.00m,"['Right-Back', 'Right Midfield', 'Left-Back']","1,73 m",Right-Back
Dan Burn,€8.00m,"['Centre-Back', 'Left-Back']","1,98 m",Centre-Back
Emil Krafth,€2.50m,"['Right-Back', 'Centre-Back']","1,84 m",Right-Back
Nick Pope,€16.00m,['Goalkeeper'],"1,98 m",Goalkeeper
William Osula,€7.00m,"['Centre-Forward', 'Left Winger']","1,86 m",Centre-Forward
Alexander Isak,€75.00m,"['Centre-Forward', 'Left Winger']","1,92 m",Centre-Forward
Lewis Hall,€22.00m,"['Left-Back', 'Left Midfield', 'Central Midfield']","1,79 m",Left-Back
Darwin Nunez,€65.00m,"['Centre-Forward', 'Left Winger']","1,87 m",Centre-Forward
Cody Gakpo,€55.00m,"['Left Winger', 'Centre-Forward', 'Right Winger']","1,93 m",Left Winger
Alexis Mac Allister,€75.00m,"['Central Midfield', 'Attacking Midfield', 'Defensive Midfield']","1,76 m",Central Midfield
Harvey Elliott,€35.00m,"['Central Midfield', 'Attacking Midfield', 'Right Winger']","1,70 m",Central Midfield
Virgil van Dijk,€30.00m,['Centre-Back'],"1,95 m",Centre-Back
Trent Alexander-Arnold,€70.00m,['Right-Back'],"1,75 m",Right-Back
Andrew Robertson,€30.00m,"['Left-Back', 'Left Midfield']","1,78 m",Left-Back
Konstantinos Tsimikas,€22.00m,['Left-Back'],"1,79 m",Left-Back
Joe Gomez,€28.00m,"['Centre-Back', 'Right-Back', 'Left-Back']","1,88 m",Centre-Back
Conor Bradley,€15.00m,"['Right-Back', 'Right Midfield']","1,81 m",Right-Back
Jarell Quansah,€22.00m,['Centre-Back'],"1,90 m",Centre-Back
Alisson,€28.00m,['Goalkeeper'],"1,93 m",Goalkeeper
Caoimhin Kelleher,€20.00m,['Goalkeeper'],"1,88 m",Goalkeeper
Luis Diaz,€80.00m,"['Left Winger', 'Right Winger', 'Left Midfield']","1,80 m",Left Winger
Vitezslav Jaros,€5.00m,['Goalkeeper'],"1,90 m",Goalkeeper
Ibrahima Konate,€45.00m,['Centre-Back'],"1,94 m",Centre-Back
Ryan Gravenberch,€40.00m,"['Defensive Midfield', 'Central Midfield']","1,90 m",Defensive Midfield
Wataru Endo,€13.00m,"['Defensive Midfield', 'Centre-Back', 'Central Midfield']","1,78 m",Defensive Midfield
Curtis Jones,€35.00m,"['Central Midfield', 'Left Midfield', 'Attacking Midfield']","1,85 m",Central Midfield
