Player,Nation,Pos,Age,MP,Starts,Min,90s,Gls,Ast,G+A,G-PK,PK,PKatt,CrdY,CrdR,xG,npxG,xAG,npxG+xAG,PrgC,PrgP,PrgR,Gls/90,Ast/90,G+A/90,G-PK/90,G+A-PK/90,xG/90,xAG/90,xG+xAG/90,npxG/90,npxG+xAG/90,Matches,Team,Playing Time.3
Virgil van Dijk,nl NED,DF,33.0,12.0,12,1080.0,12.0,1.0,1.0,2.0,1.0,0.0,0.0,1.0,0.0,0.5,0.5,0.3,0.7,1.0,50.0,1.0,0.08,0.08,0.17,0.08,0.17,0.04,0.02,0.06,0.04,0.06,Matches,Liverpool,
Ryan Gravenberch,nl NED,MF,22.0,12.0,12,1079.0,12.0,0.0,1.0,1.0,0.0,0.0,0.0,2.0,0.0,0.6,0.6,1.1,1.7,27.0,68.0,18.0,0.0,0.08,0.08,0.0,0.08,0.05,0.09,0.14,0.05,0.14,Matches,Liverpool,
Mohamed Salah,eg EGY,FW,32.0,12.0,12,1053.0,11.7,10.0,6.0,16.0,7.0,3.0,3.0,1.0,0.0,8.4,6.0,3.8,9.8,45.0,47.0,131.0,0.85,0.51,1.37,0.6,1.11,0.72,0.33,1.04,0.51,0.84,Matches,Liverpool,
Ibrahima Konate,fr FRA,DF,25.0,12.0,11,974.0,10.8,1.0,1.0,2.0,1.0,0.0,0.0,4.0,0.0,0.8,0.8,0.2,1.0,5.0,35.0,1.0,0.09,0.09,0.18,0.09,0.18,0.08,0.02,0.1,0.08,0.1,Matches,Liverpool,
Trent Alexander-Arnold,eng ENG,DF,26.0,11.0,11,866.0,9.6,0.0,1.0,1.0,0.0,0.0,0.0,2.0,0.0,0.4,0.4,2.5,2.9,23.0,54.0,25.0,0.0,0.1,0.1,0.0,0.1,0.04,0.26,0.3,0.04,0.3,Matches,Liverpool,
Andrew Robertson,sct SCO,DF,30.0,11.0,10,846.0,9.4,0.0,0.0,0.0,0.0,0.0,0.0,1.0,0.0,0.4,0.4,2.0,2.4,18.0,58.0,25.0,0.0,0.0,0.0,0.0,0.0,0.05,0.21,0.25,0.05,0.25,Matches,Liverpool,
Alexis Mac Allister,ar ARG,MF,25.0,12.0,10,806.0,9.0,0.0,0.0,0.0,0.0,0.0,0.0,4.0,0.0,0.3,0.3,1.1,1.4,11.0,49.0,27.0,0.0,0.0,0.0,0.0,0.0,0.04,0.12,0.16,0.04,0.16,Matches,Liverpool,
Dominik Szoboszlai,hu HUN,MF,24.0,12.0,9,836.0,9.3,1.0,1.0,2.0,1.0,0.0,0.0,3.0,0.0,1.7,1.7,1.4,3.1,26.0,38.0,31.0,0.11,0.11,0.22,0.11,0.22,0.18,0.16,0.34,0.18,0.34,Matches,Liverpool,
Luis Diaz,co COL,FW,27.0,12.0,8,677.0,7.5,5.0,2.0,7.0,5.0,0.0,0.0,0.0,0.0,2.9,2.9,1.5,4.5,34.0,24.0,69.0,0.66,0.27,0.93,0.66,0.93,0.39,0.21,0.6,0.39,0.6,Matches,Liverpool,
Diogo Jota,pt POR,FW,27.0,7.0,7,492.0,5.5,2.0,2.0,4.0,2.0,0.0,0.0,1.0,0.0,2.7,2.7,0.8,3.5,13.0,6.0,34.0,0.37,0.37,0.73,0.37,0.73,0.5,0.14,0.64,0.5,0.64,Matches,Liverpool,
Caoimhin Kelleher,ie IRL,GK,26.0,6.0,6,540.0,6.0,0.0,0.0,0.0,0.0,0.0,0.0,0.0,0.0,0.0,0.0,0.0,0.0,0.0,0.0,0.0,0.0,0.0,0.0,0.0,0.0,0.0,0.0,0.0,0.0,0.0,Matches,Liverpool,
Alisson,br BRA,GK,32.0,6.0,6,528.0,5.9,0.0,0.0,0.0,0.0,0.0,0.0,0.0,0.0,0.0,0.0,0.0,0.0,0.0,0.0,0.0,0.0,0.0,0.0,0.0,0.0,0.0,0.0,0.0,0.0,0.0,Matches,Liverpool,
Darwin Nunez,uy URU,FW,25.0,9.0,5,516.0,5.7,2.0,1.0,3.0,2.0,0.0,0.0,2.0,0.0,1.7,1.7,0.6,2.2,11.0,12.0,37.0,0.35,0.17,0.52,0.35,0.52,0.29,0.1,0.39,0.29,0.39,Matches,Liverpool,
Curtis Jones,eng ENG,MF,23.0,9.0,5,471.0,5.2,1.0,1.0,2.0,1.0,0.0,0.0,0.0,0.0,1.3,1.3,0.2,1.5,5.0,28.0,20.0,0.19,0.19,0.38,0.19,0.38,0.25,0.03,0.28,0.25,0.28,Matches,Liverpool,
Cody Gakpo,nl NED,FW,25.0,12.0,4,484.0,5.4,1.0,1.0,2.0,1.0,0.0,0.0,3.0,0.0,0.8,0.8,1.1,1.9,12.0,17.0,75.0,0.19,0.19,0.37,0.19,0.37,0.15,0.21,0.35,0.15,0.35,Matches,Liverpool,
Kostas Tsimikas,gr GRE,DF,28.0,6.0,2,232.0,2.6,0.0,0.0,0.0,0.0,0.0,0.0,0.0,0.0,0.1,0.1,0.5,0.6,5.0,28.0,6.0,0.0,0.0,0.0,0.0,0.0,0.03,0.2,0.23,0.03,0.23,Matches,Liverpool,
Conor Bradley,nir NIR,DF,21.0,7.0,1,236.0,2.6,0.0,0.0,0.0,0.0,0.0,0.0,1.0,0.0,0.4,0.4,0.0,0.4,10.0,10.0,15.0,0.0,0.0,0.0,0.0,0.0,0.15,0.0,0.15,0.15,0.15,Matches,Liverpool,
Jarell Quansah,eng ENG,DF,21.0,1.0,1,45.0,0.5,0.0,0.0,0.0,0.0,0.0,0.0,0.0,0.0,0.0,0.0,0.0,0.0,0.0,0.0,0.0,0.0,0.0,0.0,0.0,0.0,0.0,0.0,0.0,0.0,0.0,Matches,Liverpool,
Joe Gomez,eng ENG,DF,27.0,3.0,0,57.0,0.6,0.0,0.0,0.0,0.0,0.0,0.0,0.0,0.0,0.3,0.3,0.0,0.3,0.0,0.0,0.0,0.0,0.0,0.0,0.0,0.0,0.47,0.0,0.47,0.47,0.47,Matches,Liverpool,
Wataru Endo,jp JPN,MF,31.0,6.0,0,23.0,0.3,0.0,0.0,0.0,0.0,0.0,0.0,0.0,0.0,0.0,0.0,0.0,0.0,0.0,3.0,0.0,0.0,0.0,0.0,0.0,0.0,0.0,0.08,0.08,0.0,0.08,Matches,Liverpool,
Federico Chiesa,it ITA,FW,27.0,1.0,0,19.0,0.2,0.0,0.0,0.0,0.0,0.0,0.0,0.0,0.0,0.2,0.2,0.0,0.2,1.0,0.0,2.0,0.0,0.0,0.0,0.0,0.0,0.76,0.0,0.76,0.76,0.76,Matches,Liverpool,
Vitezslav Jaros,cz CZE,GK,23.0,1.0,0,12.0,0.1,0.0,0.0,0.0,0.0,0.0,0.0,0.0,0.0,0.0,0.0,0.0,0.0,0.0,0.0,0.0,0.0,0.0,0.0,0.0,0.0,0.0,0.0,0.0,0.0,0.0,Matches,Liverpool,
Harvey Elliott,eng ENG,FW,21.0,1.0,0,8.0,0.1,0.0,0.0,0.0,0.0,0.0,0.0,0.0,0.0,0.0,0.0,0.0,0.0,1.0,0.0,3.0,0.0,0.0,0.0,0.0,0.0,0.0,0.0,0.0,0.0,0.0,Matches,Liverpool,
Harvey Davies,eng ENG,GK,21.0,0.0,0,,,,,,,,,,,,,,,,,,,,,,,,,,,,Matches,Liverpool,
Tyler Morton,eng ENG,MF,22.0,0.0,0,,,,,,,,,,,,,,,,,,,,,,,,,,,,Matches,Liverpool,
Squad Total,,,27.4,12.0,132,1080.0,12.0,24.0,18.0,42.0,21.0,3.0,3.0,25.0,0.0,23.2,20.9,16.9,37.8,248.0,527.0,520.0,2.0,1.5,3.5,1.75,3.25,1.93,1.41,3.34,1.74,3.15,,Liverpool,
Opponent Total,,,26.3,12.0,132,1080.0,12.0,8.0,6.0,14.0,8.0,0.0,1.0,36.0,0.0,10.6,9.6,7.9,17.5,180.0,374.0,368.0,0.67,0.5,1.17,0.67,1.17,0.88,0.66,1.54,0.8,1.46,,Liverpool,
Ederson,br BRA,GK,31.0,,12,1080.0,12.0,0.0,1.0,1.0,0.0,0.0,0.0,3.0,0.0,0.0,0.0,0.4,0.4,0.0,1.0,0.0,0.0,0.08,0.08,0.0,0.08,0.0,0.03,0.03,0.0,0.03,Matches,Manchester-City,12.0
Erling Haaland,no NOR,FW,24.0,,12,1079.0,12.0,12.0,0.0,12.0,11.0,1.0,1.0,2.0,0.0,11.9,11.1,0.6,11.7,9.0,6.0,48.0,1.0,0.0,1.0,0.92,0.92,0.99,0.05,1.04,0.92,0.97,Matches,Manchester-City,12.0
Josko Gvardiol,hr CRO,DF,22.0,,11,1032.0,11.5,3.0,0.0,3.0,3.0,0.0,0.0,0.0,0.0,0.9,0.9,1.5,2.5,35.0,113.0,41.0,0.26,0.0,0.26,0.26,0.26,0.08,0.13,0.22,0.08,0.22,Matches,Manchester-City,12.0
Bernardo Silva,pt POR,"MF,FW",30.0,,10,926.0,10.3,0.0,3.0,3.0,0.0,0.0,0.0,3.0,0.0,1.5,1.5,3.1,4.5,49.0,55.0,101.0,0.0,0.29,0.29,0.0,0.29,0.14,0.3,0.44,0.14,0.44,Matches,Manchester-City,12.0
Mateo Kovacic,hr CRO,MF,30.0,,10,879.0,9.8,3.0,0.0,3.0,3.0,0.0,0.0,3.0,0.0,1.0,1.0,1.5,2.5,32.0,59.0,11.0,0.31,0.0,0.31,0.31,0.31,0.1,0.15,0.25,0.1,0.25,Matches,Manchester-City,11.0
Manuel Akanji,ch SUI,DF,29.0,,10,871.0,9.7,0.0,0.0,0.0,0.0,0.0,0.0,2.0,0.0,0.2,0.2,0.3,0.4,22.0,79.0,4.0,0.0,0.0,0.0,0.0,0.0,0.02,0.03,0.05,0.02,0.05,Matches,Manchester-City,10.0
Rico Lewis,eng ENG,"DF,MF",20.0,,10,845.0,9.4,0.0,2.0,2.0,0.0,0.0,0.0,2.0,0.0,0.8,0.8,0.3,1.0,22.0,47.0,43.0,0.0,0.21,0.21,0.0,0.21,0.08,0.03,0.11,0.08,0.11,Matches,Manchester-City,11.0
Ruben Dias,pt POR,DF,27.0,,8,727.0,8.1,0.0,0.0,0.0,0.0,0.0,0.0,3.0,0.0,0.6,0.6,0.1,0.7,12.0,57.0,3.0,0.0,0.0,0.0,0.0,0.0,0.07,0.02,0.09,0.07,0.09,Matches,Manchester-City,9.0
Ilkay Gundogan,de GER,MF,34.0,,8,716.0,8.0,0.0,1.0,1.0,0.0,0.0,0.0,0.0,0.0,1.4,1.4,1.1,2.5,20.0,48.0,45.0,0.0,0.13,0.13,0.0,0.13,0.17,0.14,0.32,0.17,0.32,Matches,Manchester-City,11.0
Savio,br BRA,"FW,MF",20.0,,8,599.0,6.7,0.0,2.0,2.0,0.0,0.0,0.0,2.0,0.0,1.8,1.8,3.4,5.2,63.0,30.0,96.0,0.0,0.3,0.3,0.0,0.3,0.27,0.51,0.78,0.27,0.78,Matches,Manchester-City,9.0
Kyle Walker,eng ENG,DF,34.0,,6,559.0,6.2,0.0,0.0,0.0,0.0,0.0,0.0,1.0,0.0,0.1,0.1,0.4,0.5,9.0,41.0,7.0,0.0,0.0,0.0,0.0,0.0,0.02,0.06,0.09,0.02,0.09,Matches,Manchester-City,8.0
Phil Foden,eng ENG,"MF,FW",24.0,,5,552.0,6.1,0.0,1.0,1.0,0.0,0.0,0.0,0.0,0.0,1.4,1.4,2.2,3.6,14.0,33.0,48.0,0.0,0.16,0.16,0.0,0.16,0.22,0.36,0.58,0.22,0.58,Matches,Manchester-City,9.0
Jeremy Doku,be BEL,"FW,MF",22.0,,5,407.0,4.5,1.0,1.0,2.0,1.0,0.0,0.0,0.0,0.0,0.4,0.4,1.2,1.6,66.0,19.0,83.0,0.22,0.22,0.44,0.22,0.44,0.09,0.27,0.36,0.09,0.36,Matches,Manchester-City,8.0
Kevin De Bruyne,be BEL,MF,33.0,,4,390.0,4.3,1.0,1.0,2.0,1.0,0.0,0.0,2.0,0.0,1.3,1.3,1.9,3.2,14.0,55.0,46.0,0.23,0.23,0.46,0.23,0.46,0.3,0.45,0.75,0.3,0.75,Matches,Manchester-City,6.0
Jack Grealish,eng ENG,"FW,MF",29.0,,4,363.0,4.0,0.0,1.0,1.0,0.0,0.0,0.0,2.0,0.0,0.5,0.5,1.1,1.7,48.0,17.0,71.0,0.0,0.25,0.25,0.0,0.25,0.13,0.28,0.42,0.13,0.42,Matches,Manchester-City,8.0
Matheus Nunes,pt POR,"MF,FW",26.0,,3,293.0,3.3,0.0,2.0,2.0,0.0,0.0,0.0,0.0,0.0,0.1,0.1,1.5,1.6,16.0,18.0,55.0,0.0,0.61,0.61,0.0,0.61,0.03,0.46,0.49,0.03,0.49,Matches,Manchester-City,8.0
John Stones,eng ENG,"DF,MF",30.0,,3,286.0,3.2,2.0,0.0,2.0,2.0,0.0,0.0,1.0,0.0,0.4,0.4,0.0,0.4,8.0,11.0,1.0,0.63,0.0,0.63,0.63,0.63,0.14,0.0,0.14,0.14,0.14,Matches,Manchester-City,7.0
Nathan Ake,nl NED,DF,29.0,,1,120.0,1.3,0.0,0.0,0.0,0.0,0.0,0.0,0.0,0.0,0.1,0.1,0.0,0.1,3.0,15.0,1.0,0.0,0.0,0.0,0.0,0.0,0.08,0.0,0.08,0.08,0.08,Matches,Manchester-City,3.0
Jahmai Simpson-Pusey,eng ENG,DF,19.0,,1,90.0,1.0,0.0,0.0,0.0,0.0,0.0,0.0,1.0,0.0,0.0,0.0,0.0,0.0,1.0,3.0,0.0,0.0,0.0,0.0,0.0,0.0,0.0,0.0,0.0,0.0,0.0,Matches,Manchester-City,1.0
Rodri,es ESP,MF,28.0,,1,65.0,0.7,0.0,0.0,0.0,0.0,0.0,0.0,0.0,0.0,0.0,0.0,0.0,0.0,0.0,4.0,1.0,0.0,0.0,0.0,0.0,0.0,0.0,0.06,0.06,0.0,0.06,Matches,Manchester-City,2.0
James Mcatee,eng ENG,FW,22.0,,0,1.0,0.0,0.0,0.0,0.0,0.0,0.0,0.0,0.0,0.0,0.0,0.0,0.0,0.0,0.0,0.0,0.0,0.0,0.0,0.0,0.0,0.0,0.0,0.0,0.0,0.0,0.0,Matches,Manchester-City,1.0
Scott Carson,eng ENG,GK,39.0,,0,,,,,,,,,,,,,,,,,,,,,,,,,,,,Matches,Manchester-City,0.0
Issa Kabore,bf BFA,"DF,MF",23.0,,0,,,,,,,,,,,,,,,,,,,,,,,,,,,,Matches,Manchester-City,0.0
Stefan Ortega,de GER,GK,32.0,,0,,,,,,,,,,,,,,,,,,,,,,,,,,,,Matches,Manchester-City,0.0
Nico O’Reilly,eng ENG,FW,19.0,,0,,,,,,,,,,,,,,,,,,,,,,,,,,,,Matches,Manchester-City,0.0
Josh Wilson-Esbrand,eng ENG,DF,21.0,,0,,,,,,,,,,,,,,,,,,,,,,,,,,,,Matches,Manchester-City,0.0
Jacob Wright,eng ENG,MF,19.0,,0,,,,,,,,,,,,,,,,,,,,,,,,,,,,Matches,Manchester-City,0.0
Squad Total,,,27.5,,132,1080.0,12.0,22.0,15.0,37.0,21.0,1.0,1.0,27.0,0.0,24.1,23.3,20.5,43.8,443.0,711.0,705.0,1.83,1.25,3.08,1.75,3.0,2.01,1.71,3.72,1.95,3.65,,Manchester-City,12.0
Opponent Total,,,26.7,,132,1080.0,12.0,16.0,13.0,29.0,15.0,1.0,1.0,33.0,1.0,15.6,14.8,12.8,27.5,164.0,252.0,250.0,1.33,1.08,2.42,1.25,2.33,1.3,1.06,2.36,1.23,2.29,,Manchester-City,12.0
Robert Sanchez,es ESP,GK,27.0,12.0,12,1080.0,12.0,0.0,0.0,0.0,0.0,0.0,0.0,3.0,0.0,0.0,0.0,0.0,0.0,0.0,1.0,0.0,0.0,0.0,0.0,0.0,0.0,0.0,0.0,0.0,0.0,0.0,Matches,Chelsea,
Levi Colwill,eng ENG,DF,21.0,12.0,12,1079.0,12.0,0.0,0.0,0.0,0.0,0.0,0.0,3.0,0.0,0.2,0.2,0.6,0.8,3.0,47.0,0.0,0.0,0.0,0.0,0.0,0.0,0.01,0.05,0.06,0.01,0.06,Matches,Chelsea,
Moises Caicedo,ec ECU,MF,23.0,12.0,12,1055.0,11.7,1.0,2.0,3.0,1.0,0.0,0.0,3.0,0.0,0.4,0.4,1.6,1.9,10.0,59.0,15.0,0.09,0.17,0.26,0.09,0.26,0.03,0.14,0.17,0.03,0.17,Matches,Chelsea,
Cole Palmer,eng ENG,"MF,FW",22.0,12.0,12,1045.0,11.6,7.0,5.0,12.0,6.0,1.0,1.0,3.0,0.0,6.1,5.3,4.9,10.2,39.0,75.0,53.0,0.6,0.43,1.03,0.52,0.95,0.52,0.42,0.95,0.45,0.88,Matches,Chelsea,
Nicolas Jackson,sn SEN,FW,23.0,12.0,12,955.0,10.6,7.0,3.0,10.0,7.0,0.0,0.0,4.0,0.0,6.6,6.6,1.7,8.4,21.0,15.0,40.0,0.66,0.28,0.94,0.66,0.94,0.63,0.16,0.79,0.63,0.79,Matches,Chelsea,
Wesley Fofana,fr FRA,DF,23.0,11.0,11,956.0,10.6,0.0,0.0,0.0,0.0,0.0,0.0,6.0,0.0,0.4,0.4,0.4,0.8,14.0,24.0,4.0,0.0,0.0,0.0,0.0,0.0,0.04,0.04,0.08,0.04,0.08,Matches,Chelsea,
Noni Madueke,eng ENG,FW,22.0,11.0,11,838.0,9.3,4.0,0.0,4.0,4.0,0.0,0.0,2.0,0.0,3.3,3.3,1.8,5.0,60.0,33.0,90.0,0.43,0.0,0.43,0.43,0.43,0.35,0.19,0.54,0.35,0.54,Matches,Chelsea,
Marc Cucurella,es ESP,DF,26.0,11.0,9,828.0,9.2,0.0,0.0,0.0,0.0,0.0,0.0,6.0,0.0,0.0,0.0,0.4,0.4,11.0,25.0,30.0,0.0,0.0,0.0,0.0,0.0,0.0,0.04,0.04,0.0,0.04,Matches,Chelsea,
Malo Gusto,fr FRA,DF,21.0,9.0,9,726.0,8.1,0.0,0.0,0.0,0.0,0.0,0.0,2.0,0.0,1.1,1.1,0.2,1.3,13.0,40.0,34.0,0.0,0.0,0.0,0.0,0.0,0.14,0.02,0.16,0.14,0.16,Matches,Chelsea,
Enzo Fernandez,ar ARG,MF,23.0,11.0,7,702.0,7.8,1.0,2.0,3.0,1.0,0.0,0.0,1.0,0.0,1.3,1.3,1.4,2.7,8.0,41.0,24.0,0.13,0.26,0.38,0.13,0.38,0.17,0.18,0.35,0.17,0.35,Matches,Chelsea,
Pedro Neto,pt POR,FW,24.0,11.0,5,558.0,6.2,1.0,2.0,3.0,1.0,0.0,0.0,4.0,0.0,0.4,0.4,2.2,2.6,36.0,9.0,63.0,0.16,0.32,0.48,0.16,0.48,0.07,0.36,0.43,0.07,0.43,Matches,Chelsea,
Romeo Lavia,be BEL,MF,20.0,7.0,5,347.0,3.9,0.0,1.0,1.0,0.0,0.0,0.0,2.0,0.0,0.0,0.0,0.6,0.6,2.0,11.0,5.0,0.0,0.26,0.26,0.0,0.26,0.0,0.16,0.16,0.0,0.16,Matches,Chelsea,
Jadon Sancho,eng ENG,FW,24.0,6.0,4,311.0,3.5,0.0,3.0,3.0,0.0,0.0,0.0,1.0,0.0,0.1,0.1,1.1,1.2,17.0,17.0,40.0,0.0,0.87,0.87,0.0,0.87,0.02,0.32,0.34,0.02,0.34,Matches,Chelsea,
Reece James,eng ENG,DF,24.0,4.0,3,241.0,2.7,0.0,0.0,0.0,0.0,0.0,0.0,0.0,0.0,0.0,0.0,0.0,0.0,0.0,8.0,1.0,0.0,0.0,0.0,0.0,0.0,0.0,0.0,0.0,0.0,0.0,Matches,Chelsea,
Tosin Adarabioyo,eng ENG,DF,27.0,4.0,2,173.0,1.9,0.0,0.0,0.0,0.0,0.0,0.0,1.0,0.0,0.0,0.0,0.0,0.0,0.0,2.0,0.0,0.0,0.0,0.0,0.0,0.0,0.0,0.01,0.01,0.0,0.01,Matches,Chelsea,
Joao Felix,pt POR,"MF,FW",25.0,6.0,1,202.0,2.2,1.0,0.0,1.0,1.0,0.0,0.0,1.0,0.0,0.8,0.8,0.1,0.9,10.0,11.0,16.0,0.45,0.0,0.45,0.45,0.45,0.36,0.03,0.39,0.36,0.39,Matches,Chelsea,
Christopher Nkunku,fr FRA,FW,27.0,11.0,1,172.0,1.9,1.0,0.0,1.0,1.0,0.0,0.0,1.0,0.0,1.8,1.8,0.3,2.1,5.0,8.0,18.0,0.52,0.0,0.52,0.52,0.52,0.92,0.15,1.07,0.92,1.07,Matches,Chelsea,
Renato Veiga,pt POR,"DF,MF",21.0,5.0,1,168.0,1.9,0.0,0.0,0.0,0.0,0.0,0.0,2.0,0.0,0.2,0.2,0.0,0.2,4.0,7.0,2.0,0.0,0.0,0.0,0.0,0.0,0.08,0.0,0.08,0.08,0.08,Matches,Chelsea,
Mykhailo Mudryk,ua UKR,FW,23.0,7.0,1,151.0,1.7,0.0,0.0,0.0,0.0,0.0,0.0,0.0,0.0,0.3,0.3,1.0,1.2,7.0,5.0,12.0,0.0,0.0,0.0,0.0,0.0,0.15,0.58,0.73,0.15,0.73,Matches,Chelsea,
Benoit Badiashile,fr FRA,DF,23.0,2.0,1,128.0,1.4,0.0,0.0,0.0,0.0,0.0,0.0,0.0,0.0,0.0,0.0,0.0,0.0,3.0,12.0,2.0,0.0,0.0,0.0,0.0,0.0,0.0,0.0,0.0,0.0,0.0,Matches,Chelsea,
Axel Disasi,fr FRA,DF,26.0,2.0,1,94.0,1.0,0.0,0.0,0.0,0.0,0.0,0.0,0.0,0.0,0.0,0.0,0.0,0.0,1.0,5.0,0.0,0.0,0.0,0.0,0.0,0.0,0.0,0.0,0.0,0.0,0.0,Matches,Chelsea,
Kiernan Dewsbury-Hall,eng ENG,MF,26.0,4.0,0,47.0,0.5,0.0,0.0,0.0,0.0,0.0,0.0,0.0,0.0,0.0,0.0,0.1,0.1,3.0,2.0,1.0,0.0,0.0,0.0,0.0,0.0,0.0,0.18,0.18,0.0,0.18,Matches,Chelsea,
Marc Guiu,es ESP,FW,18.0,1.0,0,24.0,0.3,0.0,0.0,0.0,0.0,0.0,0.0,0.0,0.0,0.0,0.0,0.0,0.0,0.0,0.0,0.0,0.0,0.0,0.0,0.0,0.0,0.0,0.0,0.0,0.0,0.0,Matches,Chelsea,
Marcus Bettinelli,eng ENG,GK,32.0,0.0,0,,,,,,,,,,,,,,,,,,,,,,,,,,,,Matches,Chelsea,
Cesare Casadei,it ITA,MF,21.0,0.0,0,,,,,,,,,,,,,,,,,,,,,,,,,,,,Matches,Chelsea,
Filip Jørgensen,dk DEN,GK,22.0,0.0,0,,,,,,,,,,,,,,,,,,,,,,,,,,,,Matches,Chelsea,
Squad Total,,,23.8,12.0,132,1080.0,12.0,23.0,18.0,41.0,22.0,1.0,1.0,45.0,0.0,22.4,21.6,18.1,39.7,267.0,457.0,450.0,1.92,1.5,3.42,1.83,3.33,1.86,1.51,3.38,1.8,3.31,,Chelsea,
Opponent Total,,,26.8,12.0,132,1080.0,12.0,14.0,8.0,22.0,11.0,3.0,4.0,41.0,1.0,16.2,13.0,10.0,23.0,203.0,414.0,410.0,1.17,0.67,1.83,0.92,1.58,1.35,0.83,2.18,1.08,1.92,,Chelsea,
David Raya,es ESP,GK,29.0,,12,1080.0,12.0,0.0,0.0,0.0,0.0,0.0,0.0,2.0,0.0,0.0,0.0,0.0,0.0,0.0,3.0,0.0,0.0,0.0,0.0,0.0,0.0,0.0,0.0,0.0,0.0,0.0,Matches,Arsenal,12.0
Gabriel Magalhaes,br BRA,DF,26.0,,12,1043.0,11.6,2.0,0.0,2.0,2.0,0.0,0.0,1.0,0.0,1.5,1.5,0.4,1.9,4.0,36.0,7.0,0.17,0.0,0.17,0.17,0.17,0.13,0.03,0.16,0.13,0.16,Matches,Arsenal,12.0
Thomas Partey,gh GHA,"MF,DF",31.0,,11,1017.0,11.3,2.0,0.0,2.0,2.0,0.0,0.0,2.0,0.0,0.6,0.6,0.6,1.2,5.0,69.0,8.0,0.18,0.0,0.18,0.18,0.18,0.05,0.05,0.11,0.05,0.11,Matches,Arsenal,12.0
Kai Havertz,de GER,FW,25.0,,11,990.0,11.0,4.0,1.0,5.0,4.0,0.0,0.0,2.0,0.0,4.5,4.5,1.1,5.7,20.0,33.0,60.0,0.36,0.09,0.45,0.36,0.45,0.41,0.1,0.52,0.41,0.52,Matches,Arsenal,11.0
William Saliba,fr FRA,DF,23.0,,11,929.0,10.3,0.0,0.0,0.0,0.0,0.0,0.0,2.0,1.0,0.0,0.0,0.5,0.5,5.0,33.0,2.0,0.0,0.0,0.0,0.0,0.0,0.0,0.04,0.04,0.0,0.04,Matches,Arsenal,11.0
Bukayo Saka,eng ENG,"MF,FW",23.0,,11,902.0,10.0,4.0,8.0,12.0,4.0,0.0,0.0,2.0,0.0,2.8,2.8,4.1,6.9,51.0,40.0,127.0,0.4,0.8,1.2,0.4,1.2,0.28,0.41,0.69,0.28,0.69,Matches,Arsenal,11.0
Declan Rice,eng ENG,MF,25.0,,10,832.0,9.2,0.0,1.0,1.0,0.0,0.0,0.0,4.0,1.0,0.7,0.7,1.4,2.1,24.0,60.0,31.0,0.0,0.11,0.11,0.0,0.11,0.08,0.15,0.23,0.08,0.23,Matches,Arsenal,10.0
Jurrien Timber,nl NED,DF,23.0,,9,770.0,8.6,0.0,1.0,1.0,0.0,0.0,0.0,3.0,0.0,0.4,0.4,0.6,1.0,13.0,36.0,26.0,0.0,0.12,0.12,0.0,0.12,0.05,0.07,0.12,0.05,0.12,Matches,Arsenal,10.0
Gabriel Martinelli,br BRA,"MF,FW",23.0,,8,682.0,7.6,3.0,2.0,5.0,3.0,0.0,0.0,0.0,0.0,2.1,2.1,1.7,3.8,39.0,15.0,89.0,0.4,0.26,0.66,0.4,0.66,0.27,0.23,0.5,0.27,0.5,Matches,Arsenal,11.0
Leandro Trossard,be BEL,FW,29.0,,8,670.0,7.4,2.0,0.0,2.0,2.0,0.0,0.0,2.0,1.0,2.2,2.2,0.9,3.1,21.0,34.0,39.0,0.27,0.0,0.27,0.27,0.27,0.29,0.12,0.41,0.29,0.41,Matches,Arsenal,12.0
Ben White,eng ENG,DF,27.0,,7,695.0,7.7,0.0,1.0,1.0,0.0,0.0,0.0,2.0,0.0,0.1,0.1,0.4,0.6,4.0,30.0,15.0,0.0,0.13,0.13,0.0,0.13,0.02,0.06,0.07,0.02,0.07,Matches,Arsenal,9.0
Riccardo Calafiori,it ITA,DF,22.0,,5,452.0,5.0,1.0,0.0,1.0,1.0,0.0,0.0,1.0,0.0,0.5,0.5,0.1,0.6,5.0,19.0,10.0,0.2,0.0,0.2,0.2,0.2,0.1,0.02,0.12,0.1,0.12,Matches,Arsenal,7.0
Martin Ødegaard,no NOR,MF,25.0,,5,425.0,4.7,0.0,2.0,2.0,0.0,0.0,0.0,1.0,0.0,0.8,0.8,0.9,1.7,14.0,43.0,22.0,0.0,0.42,0.42,0.0,0.42,0.17,0.19,0.36,0.17,0.36,Matches,Arsenal,5.0
Mikel Merino,es ESP,"MF,FW",28.0,,4,370.0,4.1,1.0,0.0,1.0,1.0,0.0,0.0,1.0,0.0,1.1,1.1,0.5,1.5,2.0,21.0,21.0,0.24,0.0,0.24,0.24,0.24,0.26,0.11,0.37,0.26,0.37,Matches,Arsenal,6.0
Jorginho,it ITA,MF,32.0,,3,200.0,2.2,0.0,0.0,0.0,0.0,0.0,0.0,3.0,0.0,0.0,0.0,0.2,0.2,2.0,13.0,2.0,0.0,0.0,0.0,0.0,0.0,0.02,0.08,0.1,0.02,0.1,Matches,Arsenal,4.0
Gabriel Jesus,br BRA,FW,27.0,,2,217.0,2.4,0.0,0.0,0.0,0.0,0.0,0.0,4.0,0.0,0.7,0.7,0.5,1.2,7.0,6.0,23.0,0.0,0.0,0.0,0.0,0.0,0.3,0.2,0.5,0.3,0.5,Matches,Arsenal,10.0
Raheem Sterling,eng ENG,"MF,FW",29.0,,2,131.0,1.5,0.0,1.0,1.0,0.0,0.0,0.0,0.0,0.0,0.3,0.3,0.1,0.5,9.0,3.0,15.0,0.0,0.69,0.69,0.0,0.69,0.23,0.08,0.31,0.23,0.31,Matches,Arsenal,5.0
Oleksandr Zinchenko,ua UKR,"DF,MF",27.0,,1,133.0,1.5,0.0,0.0,0.0,0.0,0.0,0.0,0.0,0.0,0.0,0.0,0.0,0.0,1.0,14.0,4.0,0.0,0.0,0.0,0.0,0.0,0.0,0.0,0.0,0.0,0.0,Matches,Arsenal,4.0
Jakub Kiwior,pl POL,DF,24.0,,0,102.0,1.1,0.0,0.0,0.0,0.0,0.0,0.0,0.0,0.0,0.0,0.0,0.0,0.0,0.0,1.0,0.0,0.0,0.0,0.0,0.0,0.0,0.0,0.0,0.0,0.0,0.0,Matches,Arsenal,5.0
Ethan Nwaneri,eng ENG,"MF,FW",17.0,,0,65.0,0.7,1.0,0.0,1.0,1.0,0.0,0.0,0.0,0.0,0.2,0.2,0.2,0.3,5.0,4.0,6.0,1.38,0.0,1.38,1.38,1.38,0.22,0.24,0.45,0.22,0.45,Matches,Arsenal,6.0
Myles Lewis-Skelly,eng ENG,DF,18.0,,0,16.0,0.2,0.0,0.0,0.0,0.0,0.0,0.0,1.0,0.0,0.0,0.0,0.0,0.0,1.0,2.0,1.0,0.0,0.0,0.0,0.0,0.0,0.0,0.0,0.0,0.0,0.0,Matches,Arsenal,2.0
Takehiro Tomiyasu,jp JPN,DF,26.0,,0,7.0,0.1,0.0,0.0,0.0,0.0,0.0,0.0,0.0,0.0,0.2,0.2,0.0,0.2,0.0,1.0,0.0,0.0,0.0,0.0,0.0,0.0,2.37,0.0,2.37,2.37,2.37,Matches,Arsenal,1.0
Reiss Nelson,eng ENG,FW,24.0,,0,3.0,0.0,0.0,0.0,0.0,0.0,0.0,0.0,0.0,0.0,0.0,0.0,0.0,0.0,0.0,0.0,0.0,0.0,0.0,0.0,0.0,0.0,0.0,0.0,0.0,0.0,0.0,Matches,Arsenal,1.0
Nathan Butler-Oyedeji,eng ENG,FW,21.0,,0,,,,,,,,,,,,,,,,,,,,,,,,,,,,Matches,Arsenal,0.0
Ayden Heaven,eng ENG,MF,18.0,,0,,,,,,,,,,,,,,,,,,,,,,,,,,,,Matches,Arsenal,0.0
Ismeal Kabia,eng ENG,MF,18.0,,0,,,,,,,,,,,,,,,,,,,,,,,,,,,,Matches,Arsenal,0.0
Maldini Kacurri,al ALB,DF,19.0,,0,,,,,,,,,,,,,,,,,,,,,,,,,,,,Matches,Arsenal,0.0
Neto,br BRA,GK,35.0,,0,,,,,,,,,,,,,,,,,,,,,,,,,,,,Matches,Arsenal,0.0
Josh Nichols,eng ENG,DF,18.0,,0,,,,,,,,,,,,,,,,,,,,,,,,,,,,Matches,Arsenal,0.0
Eddie Nketiah,eng ENG,FW,25.0,,0,,,,,,,,,,,,,,,,,,,,,,,,,,,,Matches,Arsenal,0.0
Salah Oulad M'Hand,nl NED,MF,21.0,,0,,,,,,,,,,,,,,,,,,,,,,,,,,,,Matches,Arsenal,0.0
Aaron Ramsdale,eng ENG,GK,26.0,,0,,,,,,,,,,,,,,,,,,,,,,,,,,,,Matches,Arsenal,0.0
Tommy Setford,eng ENG,GK,18.0,,0,,,,,,,,,,,,,,,,,,,,,,,,,,,,Matches,Arsenal,0.0
Squad Total,,,26.5,,132,1080.0,12.0,20.0,17.0,37.0,20.0,0.0,0.0,33.0,3.0,18.2,18.2,14.0,32.2,232.0,516.0,508.0,1.67,1.42,3.08,1.67,3.08,1.52,1.17,2.68,1.52,2.68,,Arsenal,12.0
Opponent Total,,,26.3,,132,1080.0,12.0,12.0,9.0,21.0,11.0,1.0,1.0,33.0,0.0,12.3,11.5,8.4,19.9,249.0,368.0,366.0,1.0,0.75,1.75,0.92,1.67,1.02,0.7,1.72,0.96,1.65,,Arsenal,12.0
Danny Welbeck,eng ENG,FW,34.0,12.0,12,1014.0,11.3,6.0,2.0,8.0,6.0,0.0,0.0,1.0,0.0,5.1,5.1,0.5,5.6,9.0,25.0,43.0,0.53,0.18,0.71,0.53,0.71,0.45,0.05,0.5,0.45,0.5,Matches,Brighton-and-Hove-Albion,
Kaoru Mitoma,jp JPN,"FW,MF",27.0,12.0,11,1005.0,11.2,2.0,2.0,4.0,2.0,0.0,0.0,0.0,0.0,3.0,3.0,2.7,5.7,60.0,36.0,124.0,0.18,0.18,0.36,0.18,0.36,0.27,0.24,0.51,0.27,0.51,Matches,Brighton-and-Hove-Albion,
Joel Veltman,nl NED,DF,32.0,11.0,11,956.0,10.6,0.0,0.0,0.0,0.0,0.0,0.0,1.0,0.0,0.1,0.1,0.3,0.3,19.0,34.0,18.0,0.0,0.0,0.0,0.0,0.0,0.01,0.02,0.03,0.01,0.03,Matches,Brighton-and-Hove-Albion,
Bart Verbruggen,nl NED,GK,22.0,10.0,10,900.0,10.0,0.0,0.0,0.0,0.0,0.0,0.0,2.0,0.0,0.0,0.0,0.0,0.0,0.0,0.0,0.0,0.0,0.0,0.0,0.0,0.0,0.0,0.0,0.0,0.0,0.0,Matches,Brighton-and-Hove-Albion,
Jack Hinshelwood,eng ENG,"MF,DF",19.0,10.0,10,840.0,9.3,1.0,0.0,1.0,1.0,0.0,0.0,2.0,0.0,0.7,0.7,0.3,1.0,10.0,31.0,27.0,0.11,0.0,0.11,0.11,0.11,0.08,0.03,0.11,0.08,0.11,Matches,Brighton-and-Hove-Albion,
Jan Paul van Hecke,nl NED,DF,24.0,10.0,9,819.0,9.1,0.0,1.0,1.0,0.0,0.0,0.0,3.0,0.0,0.1,0.1,0.4,0.6,11.0,71.0,0.0,0.0,0.11,0.11,0.0,0.11,0.01,0.05,0.06,0.01,0.06,Matches,Brighton-and-Hove-Albion,
Georginio Rutter,fr FRA,"FW,MF",22.0,11.0,9,666.0,7.4,2.0,2.0,4.0,2.0,0.0,0.0,2.0,0.0,2.2,2.2,1.3,3.5,16.0,36.0,41.0,0.27,0.27,0.54,0.27,0.54,0.29,0.18,0.47,0.29,0.47,Matches,Brighton-and-Hove-Albion,
Lewis Dunk,eng ENG,DF,33.0,8.0,8,705.0,7.8,0.0,0.0,0.0,0.0,0.0,0.0,2.0,0.0,0.2,0.2,0.4,0.7,8.0,56.0,1.0,0.0,0.0,0.0,0.0,0.0,0.03,0.05,0.09,0.03,0.09,Matches,Brighton-and-Hove-Albion,
Carlos Baleba,cm CMR,MF,20.0,10.0,8,675.0,7.5,1.0,1.0,2.0,1.0,0.0,0.0,3.0,1.0,0.9,0.9,0.5,1.4,11.0,42.0,5.0,0.13,0.13,0.27,0.13,0.27,0.12,0.07,0.19,0.12,0.19,Matches,Brighton-and-Hove-Albion,
Pervis Estupinan,ec ECU,DF,26.0,9.0,6,614.0,6.8,0.0,0.0,0.0,0.0,0.0,0.0,2.0,0.0,0.2,0.2,0.8,1.0,17.0,34.0,39.0,0.0,0.0,0.0,0.0,0.0,0.03,0.11,0.14,0.03,0.14,Matches,Brighton-and-Hove-Albion,
Yasin Ayari,se SWE,MF,21.0,10.0,6,566.0,6.3,0.0,0.0,0.0,0.0,0.0,0.0,2.0,0.0,0.6,0.6,0.8,1.4,10.0,21.0,29.0,0.0,0.0,0.0,0.0,0.0,0.1,0.12,0.22,0.1,0.22,Matches,Brighton-and-Hove-Albion,
Igor,br BRA,DF,26.0,7.0,5,566.0,6.3,0.0,0.0,0.0,0.0,0.0,0.0,3.0,0.0,0.0,0.0,0.0,0.0,7.0,22.0,0.0,0.0,0.0,0.0,0.0,0.0,0.01,0.0,0.01,0.01,0.01,Matches,Brighton-and-Hove-Albion,
Yankuba Minteh,gm GAM,"FW,MF",20.0,7.0,5,406.0,4.5,1.0,1.0,2.0,1.0,0.0,0.0,2.0,0.0,0.8,0.8,1.5,2.3,17.0,12.0,54.0,0.22,0.22,0.44,0.22,0.44,0.18,0.34,0.52,0.18,0.52,Matches,Brighton-and-Hove-Albion,
Ferdi Kadioglu,tr TUR,"DF,MF",25.0,6.0,5,385.0,4.3,1.0,0.0,1.0,1.0,0.0,0.0,1.0,0.0,0.4,0.4,0.2,0.6,1.0,15.0,27.0,0.23,0.0,0.23,0.23,0.23,0.1,0.04,0.14,0.1,0.14,Matches,Brighton-and-Hove-Albion,
Joao Pedro,br BRA,"MF,FW",23.0,6.0,4,370.0,4.1,4.0,2.0,6.0,4.0,0.0,0.0,1.0,0.0,1.7,1.7,1.3,3.0,17.0,19.0,21.0,0.97,0.49,1.46,0.97,1.46,0.4,0.32,0.73,0.4,0.73,Matches,Brighton-and-Hove-Albion,
James Milner,eng ENG,MF,38.0,3.0,3,169.0,1.9,0.0,0.0,0.0,0.0,0.0,0.0,1.0,0.0,0.2,0.2,0.2,0.4,1.0,10.0,10.0,0.0,0.0,0.0,0.0,0.0,0.09,0.12,0.21,0.09,0.21,Matches,Brighton-and-Hove-Albion,
Mats Wieffer,nl NED,MF,25.0,8.0,2,264.0,2.9,0.0,1.0,1.0,0.0,0.0,0.0,0.0,0.0,0.2,0.2,0.1,0.3,4.0,18.0,5.0,0.0,0.34,0.34,0.0,0.34,0.06,0.05,0.11,0.06,0.11,Matches,Brighton-and-Hove-Albion,
Simon Adingra,ci CIV,"FW,MF",22.0,8.0,2,232.0,2.6,1.0,1.0,2.0,1.0,0.0,0.0,0.0,0.0,0.3,0.3,0.5,0.8,10.0,5.0,45.0,0.39,0.39,0.78,0.39,0.78,0.13,0.19,0.31,0.13,0.31,Matches,Brighton-and-Hove-Albion,
Jason Steele,eng ENG,GK,34.0,2.0,2,180.0,2.0,0.0,0.0,0.0,0.0,0.0,0.0,0.0,0.0,0.0,0.0,0.0,0.0,0.0,0.0,0.0,0.0,0.0,0.0,0.0,0.0,0.0,0.0,0.0,0.0,0.0,Matches,Brighton-and-Hove-Albion,
Adam Webster,eng ENG,DF,29.0,3.0,2,79.0,0.9,0.0,0.0,0.0,0.0,0.0,0.0,0.0,0.0,0.0,0.0,0.0,0.0,0.0,10.0,1.0,0.0,0.0,0.0,0.0,0.0,0.0,0.0,0.0,0.0,0.0,Matches,Brighton-and-Hove-Albion,
Evan Ferguson,ie IRL,FW,20.0,7.0,1,110.0,1.2,1.0,0.0,1.0,1.0,0.0,0.0,0.0,0.0,0.2,0.2,0.0,0.2,1.0,1.0,3.0,0.82,0.0,0.82,0.82,0.82,0.12,0.0,0.12,0.12,0.12,Matches,Brighton-and-Hove-Albion,
Billy Gilmour,sct SCO,MF,23.0,2.0,1,98.0,1.1,0.0,0.0,0.0,0.0,0.0,0.0,0.0,0.0,0.1,0.1,0.0,0.1,2.0,11.0,2.0,0.0,0.0,0.0,0.0,0.0,0.07,0.0,0.07,0.07,0.07,Matches,Brighton-and-Hove-Albion,
Julio Enciso,py PAR,"MF,FW",20.0,7.0,0,91.0,1.0,0.0,0.0,0.0,0.0,0.0,0.0,0.0,0.0,0.2,0.2,0.2,0.4,4.0,5.0,7.0,0.0,0.0,0.0,0.0,0.0,0.17,0.2,0.37,0.17,0.37,Matches,Brighton-and-Hove-Albion,
Brajan Gruda,de GER,MF,20.0,4.0,0,63.0,0.7,0.0,0.0,0.0,0.0,0.0,0.0,0.0,0.0,0.0,0.0,0.1,0.1,3.0,0.0,6.0,0.0,0.0,0.0,0.0,0.0,0.0,0.16,0.16,0.0,0.16,Matches,Brighton-and-Hove-Albion,
Matt O'Riley,dk DEN,MF,24.0,2.0,0,50.0,0.6,1.0,0.0,1.0,1.0,0.0,0.0,0.0,0.0,0.5,0.5,0.0,0.5,0.0,1.0,3.0,1.8,0.0,1.8,1.8,1.8,1.01,0.0,1.01,1.01,1.01,Matches,Brighton-and-Hove-Albion,
Tariq Lamptey,gh GHA,DF,24.0,1.0,0,11.0,0.1,0.0,1.0,1.0,0.0,0.0,0.0,0.0,0.0,0.0,0.0,0.1,0.1,1.0,0.0,1.0,0.0,8.18,8.18,0.0,8.18,0.0,0.62,0.62,0.0,0.62,Matches,Brighton-and-Hove-Albion,
Jeremy Sarmiento,ec ECU,MF,22.0,1.0,0,9.0,0.1,0.0,0.0,0.0,0.0,0.0,0.0,0.0,0.0,0.0,0.0,0.0,0.0,0.0,0.0,2.0,0.0,0.0,0.0,0.0,0.0,0.0,0.0,0.0,0.0,0.0,Matches,Brighton-and-Hove-Albion,
Jakub Moder,pl POL,MF,25.0,2.0,0,5.0,0.1,0.0,0.0,0.0,0.0,0.0,0.0,0.0,0.0,0.0,0.0,0.0,0.0,2.0,3.0,0.0,0.0,0.0,0.0,0.0,0.0,0.0,0.12,0.12,0.0,0.12,Matches,Brighton-and-Hove-Albion,
Valentin Barco,ar ARG,DF,20.0,0.0,0,,,,,,,,,,,,,,,,,,,,,,,,,,,,Matches,Brighton-and-Hove-Albion,
Killian Cahill,ie IRL,GK,21.0,0.0,0,,,,,,,,,,,,,,,,,,,,,,,,,,,,Matches,Brighton-and-Hove-Albion,
Ruairi Mcconville,nir NIR,DF,19.0,0.0,0,,,,,,,,,,,,,,,,,,,,,,,,,,,,Matches,Brighton-and-Hove-Albion,
Mark O'Mahony,ie IRL,FW,19.0,0.0,0,,,,,,,,,,,,,,,,,,,,,,,,,,,,Matches,Brighton-and-Hove-Albion,
Carl Rushworth,eng ENG,GK,23.0,0.0,0,,,,,,,,,,,,,,,,,,,,,,,,,,,,Matches,Brighton-and-Hove-Albion,
Imari Samuels,eng ENG,DF,21.0,0.0,0,,,,,,,,,,,,,,,,,,,,,,,,,,,,Matches,Brighton-and-Hove-Albion,
Squad Total,,,26.1,12.0,132,1080.0,12.0,21.0,14.0,35.0,21.0,0.0,0.0,28.0,1.0,17.4,17.4,12.2,29.6,241.0,518.0,514.0,1.75,1.17,2.92,1.75,2.92,1.45,1.02,2.47,1.45,2.47,,Brighton-and-Hove-Albion,
Opponent Total,,,26.6,12.0,132,1080.0,12.0,16.0,11.0,27.0,14.0,2.0,2.0,33.0,3.0,20.0,18.4,16.5,34.9,203.0,415.0,411.0,1.33,0.92,2.25,1.17,2.08,1.67,1.38,3.04,1.54,2.91,,Brighton-and-Hove-Albion,
Guglielmo Vicario,it ITA,GK,28.0,12.0,12,1080.0,12.0,0.0,0.0,0.0,0.0,0.0,0.0,1.0,0.0,0.0,0.0,0.0,0.0,0.0,1.0,0.0,0.0,0.0,0.0,0.0,0.0,0.0,0.0,0.0,0.0,0.0,Matches,Tottenham-Hotspur,
Pedro Porro,es ESP,DF,25.0,12.0,12,1076.0,12.0,2.0,1.0,3.0,2.0,0.0,0.0,2.0,0.0,1.0,1.0,1.3,2.3,35.0,68.0,45.0,0.17,0.08,0.25,0.17,0.25,0.08,0.11,0.2,0.08,0.2,Matches,Tottenham-Hotspur,
Destiny Udogie,it ITA,DF,22.0,12.0,12,1004.0,11.2,0.0,1.0,1.0,0.0,0.0,0.0,2.0,0.0,0.3,0.3,1.2,1.5,29.0,67.0,61.0,0.0,0.09,0.09,0.0,0.09,0.03,0.11,0.14,0.03,0.14,Matches,Tottenham-Hotspur,
Cristian Romero,ar ARG,DF,26.0,11.0,11,960.0,10.7,1.0,0.0,1.0,1.0,0.0,0.0,1.0,0.0,1.1,1.1,0.5,1.6,10.0,48.0,2.0,0.09,0.0,0.09,0.09,0.09,0.1,0.05,0.15,0.1,0.15,Matches,Tottenham-Hotspur,
Dejan Kulusevski,se SWE,"MF,FW",24.0,12.0,11,949.0,10.5,2.0,3.0,5.0,2.0,0.0,0.0,3.0,0.0,1.5,1.5,3.6,5.1,47.0,56.0,82.0,0.19,0.28,0.47,0.19,0.47,0.14,0.34,0.48,0.14,0.48,Matches,Tottenham-Hotspur,
Brennan Johnson,wls WAL,FW,23.0,12.0,10,894.0,9.9,5.0,0.0,5.0,5.0,0.0,0.0,2.0,0.0,6.3,6.3,0.7,7.0,31.0,28.0,100.0,0.5,0.0,0.5,0.5,0.5,0.64,0.07,0.7,0.64,0.7,Matches,Tottenham-Hotspur,
Dominic Solanke,eng ENG,FW,27.0,10.0,10,887.0,9.9,4.0,2.0,6.0,4.0,0.0,0.0,0.0,0.0,5.6,5.6,1.2,6.8,17.0,22.0,45.0,0.41,0.2,0.61,0.41,0.61,0.57,0.12,0.69,0.57,0.69,Matches,Tottenham-Hotspur,
James Maddison,eng ENG,MF,28.0,12.0,10,774.0,8.6,5.0,3.0,8.0,5.0,0.0,0.0,2.0,0.0,3.2,3.2,1.9,5.0,19.0,71.0,44.0,0.58,0.35,0.93,0.58,0.93,0.37,0.22,0.59,0.37,0.59,Matches,Tottenham-Hotspur,
Son Heung-min,kr KOR,FW,32.0,9.0,9,726.0,8.1,3.0,4.0,7.0,3.0,0.0,0.0,0.0,0.0,1.9,1.9,3.3,5.2,38.0,52.0,113.0,0.37,0.5,0.87,0.37,0.87,0.24,0.41,0.65,0.24,0.65,Matches,Tottenham-Hotspur,
Micky van de Ven,nl NED,DF,23.0,8.0,8,710.0,7.9,0.0,2.0,2.0,0.0,0.0,0.0,4.0,0.0,0.2,0.2,1.2,1.4,8.0,42.0,1.0,0.0,0.25,0.25,0.0,0.25,0.03,0.15,0.18,0.03,0.18,Matches,Tottenham-Hotspur,
Rodrigo Bentancur,uy URU,MF,27.0,10.0,7,535.0,5.9,1.0,0.0,1.0,1.0,0.0,0.0,4.0,0.0,0.7,0.7,0.1,0.8,5.0,40.0,3.0,0.17,0.0,0.17,0.17,0.17,0.11,0.01,0.13,0.11,0.13,Matches,Tottenham-Hotspur,
Pape Matar Sarr,sn SEN,MF,22.0,12.0,5,534.0,5.9,0.0,2.0,2.0,0.0,0.0,0.0,2.0,0.0,0.7,0.7,1.2,1.9,10.0,38.0,21.0,0.0,0.34,0.34,0.0,0.34,0.12,0.2,0.32,0.12,0.32,Matches,Tottenham-Hotspur,
Yves Bissouma,ml MLI,MF,28.0,9.0,5,491.0,5.5,2.0,0.0,2.0,2.0,0.0,0.0,3.0,0.0,0.3,0.3,0.2,0.5,9.0,32.0,0.0,0.37,0.0,0.37,0.37,0.37,0.05,0.04,0.09,0.05,0.09,Matches,Tottenham-Hotspur,
Radu Dragusin,ro ROU,DF,22.0,5.0,4,370.0,4.1,0.0,0.0,0.0,0.0,0.0,0.0,0.0,0.0,0.0,0.0,0.0,0.0,3.0,14.0,0.0,0.0,0.0,0.0,0.0,0.0,0.0,0.0,0.0,0.0,0.0,Matches,Tottenham-Hotspur,
Timo Werner,de GER,"FW,MF",28.0,9.0,2,270.0,3.0,0.0,2.0,2.0,0.0,0.0,0.0,0.0,0.0,0.9,0.9,1.1,2.1,28.0,17.0,54.0,0.0,0.67,0.67,0.0,0.67,0.31,0.37,0.69,0.31,0.69,Matches,Tottenham-Hotspur,
Wilson Odobert,fr FRA,FW,20.0,3.0,2,162.0,1.8,0.0,0.0,0.0,0.0,0.0,0.0,0.0,0.0,0.4,0.4,0.1,0.5,13.0,10.0,18.0,0.0,0.0,0.0,0.0,0.0,0.23,0.03,0.27,0.23,0.27,Matches,Tottenham-Hotspur,
Ben Davies,wls WAL,DF,31.0,2.0,1,120.0,1.3,0.0,0.0,0.0,0.0,0.0,0.0,0.0,0.0,0.0,0.0,0.0,0.0,0.0,2.0,0.0,0.0,0.0,0.0,0.0,0.0,0.0,0.0,0.0,0.0,0.0,Matches,Tottenham-Hotspur,
Mikey Moore,eng ENG,FW,17.0,4.0,1,85.0,0.9,0.0,0.0,0.0,0.0,0.0,0.0,0.0,0.0,0.0,0.0,0.0,0.0,5.0,3.0,12.0,0.0,0.0,0.0,0.0,0.0,0.04,0.0,0.04,0.04,0.04,Matches,Tottenham-Hotspur,
Richarlison,br BRA,FW,27.0,5.0,0,90.0,1.0,0.0,1.0,1.0,0.0,0.0,0.0,1.0,0.0,0.2,0.2,0.8,1.0,4.0,5.0,12.0,0.0,1.0,1.0,0.0,1.0,0.19,0.76,0.95,0.19,0.95,Matches,Tottenham-Hotspur,
Djed Spence,eng ENG,DF,24.0,4.0,0,65.0,0.7,0.0,0.0,0.0,0.0,0.0,0.0,1.0,0.0,0.0,0.0,0.0,0.0,3.0,4.0,5.0,0.0,0.0,0.0,0.0,0.0,0.0,0.0,0.0,0.0,0.0,Matches,Tottenham-Hotspur,
Lucas Bergvall,se SWE,"MF,FW",18.0,6.0,0,52.0,0.6,0.0,0.0,0.0,0.0,0.0,0.0,0.0,0.0,0.1,0.1,0.2,0.3,1.0,4.0,4.0,0.0,0.0,0.0,0.0,0.0,0.14,0.33,0.47,0.14,0.47,Matches,Tottenham-Hotspur,
Archie Gray,eng ENG,"MF,DF",18.0,5.0,0,46.0,0.5,0.0,0.0,0.0,0.0,0.0,0.0,0.0,0.0,0.0,0.0,0.0,0.0,0.0,3.0,1.0,0.0,0.0,0.0,0.0,0.0,0.0,0.0,0.0,0.0,0.0,Matches,Tottenham-Hotspur,
Brandon Austin,eng ENG,GK,25.0,0.0,0,,,,,,,,,,,,,,,,,,,,,,,,,,,,Matches,Tottenham-Hotspur,
Alfie Devine,eng ENG,MF,20.0,0.0,0,,,,,,,,,,,,,,,,,,,,,,,,,,,,Matches,Tottenham-Hotspur,
Fraser Forster,eng ENG,GK,36.0,0.0,0,,,,,,,,,,,,,,,,,,,,,,,,,,,,Matches,Tottenham-Hotspur,
Malachi Hardy,eng ENG,DF,16.0,0.0,0,,,,,,,,,,,,,,,,,,,,,,,,,,,,Matches,Tottenham-Hotspur,
Will Lankshear,eng ENG,FW,19.0,0.0,0,,,,,,,,,,,,,,,,,,,,,,,,,,,,Matches,Tottenham-Hotspur,
Callum Olusesi,eng ENG,MF,17.0,0.0,0,,,,,,,,,,,,,,,,,,,,,,,,,,,,Matches,Tottenham-Hotspur,
Squad Total,,,25.8,12.0,132,1080.0,12.0,25.0,21.0,46.0,25.0,0.0,0.0,28.0,0.0,23.8,23.8,18.2,42.1,315.0,627.0,623.0,2.08,1.75,3.83,2.08,3.83,1.99,1.52,3.51,1.99,3.51,,Tottenham-Hotspur,
Opponent Total,,,26.9,12.0,132,1080.0,12.0,13.0,8.0,21.0,13.0,0.0,0.0,32.0,2.0,15.1,15.1,11.7,26.8,167.0,342.0,338.0,1.08,0.67,1.75,1.08,1.75,1.26,0.97,2.23,1.26,2.23,,Tottenham-Hotspur,
Murillo,br BRA,DF,22.0,,12,1080.0,12.0,1.0,0.0,1.0,1.0,0.0,0.0,1.0,0.0,0.5,0.5,0.8,1.4,9.0,37.0,3.0,0.08,0.0,0.08,0.08,0.08,0.04,0.07,0.11,0.04,0.11,Matches,Nottingham-Forest,12.0
Matz Sels,be BEL,GK,32.0,,12,1080.0,12.0,0.0,0.0,0.0,0.0,0.0,0.0,2.0,0.0,0.0,0.0,0.0,0.0,0.0,1.0,0.0,0.0,0.0,0.0,0.0,0.0,0.0,0.0,0.0,0.0,0.0,Matches,Nottingham-Forest,12.0
Ola Aina,ng NGA,DF,28.0,,12,1041.0,11.6,1.0,0.0,1.0,1.0,0.0,0.0,2.0,0.0,0.1,0.1,0.4,0.5,27.0,50.0,21.0,0.09,0.0,0.09,0.09,0.09,0.01,0.03,0.04,0.01,0.04,Matches,Nottingham-Forest,12.0
Nikola Milenkovic,rs SRB,DF,27.0,,11,990.0,11.0,0.0,1.0,1.0,0.0,0.0,0.0,1.0,0.0,1.7,1.7,0.2,1.9,2.0,17.0,1.0,0.0,0.09,0.09,0.0,0.09,0.15,0.02,0.17,0.15,0.17,Matches,Nottingham-Forest,11.0
Chris Wood,nz NZL,FW,32.0,,11,917.0,10.2,8.0,0.0,8.0,7.0,1.0,1.0,1.0,0.0,4.5,3.7,1.0,4.7,7.0,10.0,28.0,0.79,0.0,0.79,0.69,0.69,0.44,0.1,0.54,0.36,0.46,Matches,Nottingham-Forest,12.0
Callum Hudson-Odoi,eng ENG,FW,24.0,,10,875.0,9.7,2.0,0.0,2.0,2.0,0.0,0.0,1.0,0.0,1.0,1.0,1.0,2.0,55.0,27.0,78.0,0.21,0.0,0.21,0.21,0.21,0.1,0.11,0.21,0.1,0.21,Matches,Nottingham-Forest,12.0
Anthony Elanga,se SWE,FW,22.0,,9,692.0,7.7,0.0,2.0,2.0,0.0,0.0,0.0,1.0,0.0,0.7,0.7,1.1,1.8,23.0,15.0,50.0,0.0,0.26,0.26,0.0,0.26,0.09,0.14,0.24,0.09,0.24,Matches,Nottingham-Forest,12.0
Alex Moreno,es ESP,DF,31.0,,9,685.0,7.6,0.0,1.0,1.0,0.0,0.0,0.0,2.0,0.0,0.1,0.1,1.0,1.1,17.0,27.0,20.0,0.0,0.13,0.13,0.0,0.13,0.02,0.13,0.14,0.02,0.14,Matches,Nottingham-Forest,9.0
Ryan Yates,eng ENG,MF,27.0,,8,899.0,10.0,1.0,0.0,1.0,1.0,0.0,0.0,4.0,0.0,1.4,1.4,0.7,2.1,11.0,27.0,9.0,0.1,0.0,0.1,0.1,0.1,0.14,0.07,0.21,0.14,0.21,Matches,Nottingham-Forest,12.0
Elliot Anderson,eng ENG,"MF,FW",22.0,,8,629.0,7.0,0.0,3.0,3.0,0.0,0.0,0.0,3.0,0.0,0.8,0.8,1.6,2.4,17.0,31.0,31.0,0.0,0.43,0.43,0.0,0.43,0.11,0.23,0.34,0.11,0.34,Matches,Nottingham-Forest,11.0
Morgan Gibbs-White,eng ENG,MF,24.0,,8,626.0,7.0,1.0,0.0,1.0,1.0,0.0,0.0,3.0,1.0,1.1,1.1,1.0,2.1,16.0,35.0,29.0,0.14,0.0,0.14,0.14,0.14,0.16,0.14,0.3,0.16,0.3,Matches,Nottingham-Forest,8.0
Nicolas Dominguez,ar ARG,"MF,FW",26.0,,7,582.0,6.5,0.0,0.0,0.0,0.0,0.0,0.0,3.0,0.0,0.7,0.7,0.0,0.8,7.0,24.0,9.0,0.0,0.0,0.0,0.0,0.0,0.12,0.01,0.12,0.12,0.12,Matches,Nottingham-Forest,10.0
James Ward-Prowse,eng ENG,MF,30.0,,5,379.0,4.2,0.0,0.0,0.0,0.0,0.0,0.0,2.0,1.0,0.1,0.1,0.1,0.2,1.0,16.0,2.0,0.0,0.0,0.0,0.0,0.0,0.01,0.03,0.05,0.01,0.05,Matches,Nottingham-Forest,6.0
Neco Williams,wls WAL,DF,23.0,,3,392.0,4.4,0.0,0.0,0.0,0.0,0.0,0.0,3.0,0.0,0.6,0.6,0.3,0.9,12.0,11.0,18.0,0.0,0.0,0.0,0.0,0.0,0.14,0.06,0.2,0.14,0.2,Matches,Nottingham-Forest,10.0
Ibrahim Sangare,ci CIV,MF,26.0,,3,212.0,2.4,0.0,0.0,0.0,0.0,0.0,0.0,2.0,0.0,0.0,0.0,0.0,0.0,0.0,8.0,2.0,0.0,0.0,0.0,0.0,0.0,0.01,0.01,0.01,0.01,0.01,Matches,Nottingham-Forest,3.0
Taiwo Awoniyi,ng NGA,FW,27.0,,2,174.0,1.9,0.0,0.0,0.0,0.0,0.0,0.0,0.0,0.0,0.4,0.4,0.0,0.4,3.0,1.0,10.0,0.0,0.0,0.0,0.0,0.0,0.22,0.0,0.22,0.22,0.22,Matches,Nottingham-Forest,9.0
Willy Boly,ci CIV,DF,33.0,,1,91.0,1.0,0.0,0.0,0.0,0.0,0.0,0.0,0.0,0.0,0.1,0.1,0.0,0.1,0.0,2.0,0.0,0.0,0.0,0.0,0.0,0.0,0.07,0.0,0.07,0.07,0.07,Matches,Nottingham-Forest,2.0
Danilo,br BRA,MF,23.0,,1,14.0,0.2,0.0,0.0,0.0,0.0,0.0,0.0,0.0,0.0,0.0,0.0,0.0,0.0,0.0,0.0,0.0,0.0,0.0,0.0,0.0,0.0,0.0,0.0,0.0,0.0,0.0,Matches,Nottingham-Forest,1.0
Jota Silva,pt POR,"MF,FW",25.0,,0,264.0,2.9,0.0,1.0,1.0,0.0,0.0,0.0,1.0,0.0,0.3,0.3,0.7,1.1,11.0,8.0,22.0,0.0,0.34,0.34,0.0,0.34,0.11,0.26,0.37,0.11,0.37,Matches,Nottingham-Forest,11.0
Ramon Sosa,py PAR,"FW,MF",25.0,,0,128.0,1.4,1.0,0.0,1.0,1.0,0.0,0.0,0.0,0.0,0.7,0.7,0.4,1.1,6.0,4.0,12.0,0.7,0.0,0.7,0.7,0.7,0.49,0.26,0.75,0.49,0.75,Matches,Nottingham-Forest,8.0
Morato,br BRA,DF,23.0,,0,70.0,0.8,0.0,0.0,0.0,0.0,0.0,0.0,0.0,0.0,0.0,0.0,0.0,0.0,0.0,1.0,0.0,0.0,0.0,0.0,0.0,0.0,0.0,0.0,0.0,0.0,0.0,Matches,Nottingham-Forest,5.0
Harry Toffolo,eng ENG,DF,29.0,,0,37.0,0.4,0.0,0.0,0.0,0.0,0.0,0.0,0.0,0.0,0.0,0.0,0.0,0.0,0.0,1.0,4.0,0.0,0.0,0.0,0.0,0.0,0.04,0.0,0.04,0.04,0.04,Matches,Nottingham-Forest,1.0
Eric da Silva Moreira,de GER,DF,18.0,,0,2.0,0.0,0.0,0.0,0.0,0.0,0.0,0.0,0.0,0.0,0.0,0.0,0.0,0.0,0.0,0.0,0.0,0.0,0.0,0.0,0.0,0.0,0.0,0.0,0.0,0.0,0.0,Matches,Nottingham-Forest,1.0
Carlos Miguel,br BRA,GK,26.0,,0,,,,,,,,,,,,,,,,,,,,,,,,,,,,Matches,Nottingham-Forest,0.0
Andrew Omobamidele,ie IRL,DF,22.0,,0,,,,,,,,,,,,,,,,,,,,,,,,,,,,Matches,Nottingham-Forest,0.0
Squad Total,,,27.0,,132,1080.0,12.0,15.0,8.0,23.0,14.0,1.0,1.0,32.0,2.0,14.5,13.7,10.2,23.9,224.0,353.0,349.0,1.25,0.67,1.92,1.17,1.83,1.21,0.85,2.06,1.14,1.99,,Nottingham-Forest,12.0
Opponent Total,,,26.9,,132,1080.0,12.0,13.0,9.0,22.0,12.0,1.0,1.0,43.0,1.0,12.3,11.5,9.1,20.7,310.0,610.0,607.0,1.08,0.75,1.83,1.0,1.75,1.03,0.76,1.79,0.96,1.72,,Nottingham-Forest,12.0
Emiliano Martinez,ar ARG,GK,32.0,12.0,12,1080.0,12.0,0.0,0.0,0.0,0.0,0.0,0.0,1.0,0.0,0.0,0.0,0.0,0.0,0.0,0.0,0.0,0.0,0.0,0.0,0.0,0.0,0.0,0.0,0.0,0.0,0.0,Matches,Aston-Villa,
Pau Torres,es ESP,DF,27.0,12.0,12,1080.0,12.0,0.0,0.0,0.0,0.0,0.0,0.0,1.0,0.0,0.2,0.2,0.0,0.2,23.0,50.0,4.0,0.0,0.0,0.0,0.0,0.0,0.01,0.0,0.02,0.01,0.02,Matches,Aston-Villa,
Youri Tielemans,be BEL,MF,27.0,12.0,12,1063.0,11.8,0.0,4.0,4.0,0.0,0.0,1.0,3.0,0.0,1.3,0.5,2.9,3.5,18.0,89.0,13.0,0.0,0.34,0.34,0.0,0.34,0.11,0.25,0.36,0.05,0.29,Matches,Aston-Villa,
Morgan Rogers,eng ENG,"MF,FW",22.0,12.0,12,980.0,10.9,3.0,2.0,5.0,3.0,0.0,0.0,3.0,0.0,2.8,2.8,2.6,5.4,32.0,35.0,62.0,0.28,0.18,0.46,0.28,0.46,0.26,0.24,0.49,0.26,0.49,Matches,Aston-Villa,
Ollie Watkins,eng ENG,FW,28.0,12.0,12,929.0,10.3,6.0,2.0,8.0,6.0,0.0,0.0,0.0,0.0,6.4,6.4,1.0,7.5,18.0,5.0,60.0,0.58,0.19,0.78,0.58,0.78,0.62,0.1,0.72,0.62,0.72,Matches,Aston-Villa,
Lucas Digne,fr FRA,DF,31.0,12.0,11,863.0,9.6,0.0,2.0,2.0,0.0,0.0,0.0,3.0,0.0,0.5,0.5,2.4,2.9,5.0,15.0,52.0,0.0,0.21,0.21,0.0,0.21,0.05,0.25,0.3,0.05,0.3,Matches,Aston-Villa,
Ezri Konsa,eng ENG,DF,27.0,10.0,10,821.0,9.1,1.0,0.0,1.0,1.0,0.0,0.0,0.0,0.0,0.4,0.4,0.1,0.5,8.0,32.0,5.0,0.11,0.0,0.11,0.11,0.11,0.04,0.01,0.05,0.04,0.05,Matches,Aston-Villa,
Amadou Onana,be BEL,MF,23.0,10.0,10,703.0,7.8,2.0,0.0,2.0,2.0,0.0,0.0,3.0,0.0,1.6,1.6,0.1,1.7,8.0,23.0,6.0,0.26,0.0,0.26,0.26,0.26,0.2,0.02,0.22,0.2,0.22,Matches,Aston-Villa,
John McGinn,sct SCO,"FW,MF",30.0,10.0,8,620.0,6.9,0.0,1.0,1.0,0.0,0.0,0.0,2.0,0.0,1.0,1.0,1.5,2.5,12.0,29.0,30.0,0.0,0.15,0.15,0.0,0.15,0.15,0.21,0.36,0.15,0.36,Matches,Aston-Villa,
Leon Bailey,jm JAM,"FW,MF",27.0,11.0,8,584.0,6.5,0.0,2.0,2.0,0.0,0.0,0.0,2.0,0.0,0.5,0.5,1.3,1.7,27.0,19.0,53.0,0.0,0.31,0.31,0.0,0.31,0.08,0.19,0.27,0.08,0.27,Matches,Aston-Villa,
Jacob Ramsey,eng ENG,"FW,MF",23.0,10.0,7,633.0,7.0,0.0,2.0,2.0,0.0,0.0,0.0,1.0,0.0,0.7,0.7,1.3,2.0,28.0,28.0,54.0,0.0,0.28,0.28,0.0,0.28,0.1,0.18,0.28,0.1,0.28,Matches,Aston-Villa,
Matty Cash,pl POL,DF,27.0,7.0,6,470.0,5.2,0.0,0.0,0.0,0.0,0.0,0.0,1.0,0.0,0.0,0.0,0.2,0.2,9.0,16.0,15.0,0.0,0.0,0.0,0.0,0.0,0.01,0.03,0.04,0.01,0.04,Matches,Aston-Villa,
Diego Carlos,br BRA,DF,31.0,7.0,5,560.0,6.2,0.0,0.0,0.0,0.0,0.0,0.0,1.0,0.0,0.5,0.5,0.0,0.5,3.0,27.0,0.0,0.0,0.0,0.0,0.0,0.0,0.08,0.0,0.08,0.08,0.08,Matches,Aston-Villa,
Lamare Bogarde,nl NED,DF,20.0,3.0,3,213.0,2.4,0.0,0.0,0.0,0.0,0.0,0.0,1.0,0.0,0.0,0.0,0.1,0.1,7.0,8.0,7.0,0.0,0.0,0.0,0.0,0.0,0.0,0.03,0.03,0.0,0.03,Matches,Aston-Villa,
Ross Barkley,eng ENG,MF,30.0,9.0,2,367.0,4.1,2.0,1.0,3.0,2.0,0.0,0.0,3.0,0.0,1.0,1.0,0.2,1.2,10.0,22.0,8.0,0.49,0.25,0.74,0.49,0.74,0.24,0.06,0.3,0.24,0.3,Matches,Aston-Villa,
Ian Maatsen,nl NED,DF,22.0,10.0,1,229.0,2.5,0.0,0.0,0.0,0.0,0.0,0.0,1.0,0.0,0.1,0.1,1.0,1.1,6.0,12.0,22.0,0.0,0.0,0.0,0.0,0.0,0.03,0.4,0.43,0.03,0.43,Matches,Aston-Villa,
Jaden Philogene Bidace,eng ENG,"FW,MF",22.0,8.0,1,209.0,2.3,0.0,0.0,0.0,0.0,0.0,0.0,3.0,1.0,0.4,0.4,0.0,0.4,3.0,2.0,10.0,0.0,0.0,0.0,0.0,0.0,0.17,0.0,0.17,0.17,0.17,Matches,Aston-Villa,
Jhon Duran,co COL,FW,20.0,12.0,0,311.0,3.5,4.0,0.0,4.0,4.0,0.0,0.0,1.0,0.0,2.4,2.4,0.1,2.5,4.0,7.0,19.0,1.16,0.0,1.16,1.16,1.16,0.69,0.03,0.72,0.69,0.72,Matches,Aston-Villa,
Kosta Nedeljkovic,rs SRB,DF,18.0,3.0,0,96.0,1.1,0.0,0.0,0.0,0.0,0.0,0.0,0.0,0.0,0.0,0.0,0.0,0.0,1.0,3.0,0.0,0.0,0.0,0.0,0.0,0.0,0.0,0.0,0.0,0.0,0.0,Matches,Aston-Villa,
Boubacar Kamara,fr FRA,MF,25.0,3.0,0,36.0,0.4,0.0,0.0,0.0,0.0,0.0,0.0,1.0,0.0,0.0,0.0,0.0,0.0,0.0,2.0,0.0,0.0,0.0,0.0,0.0,0.0,0.0,0.0,0.0,0.0,0.0,Matches,Aston-Villa,
Emi Buendia,ar ARG,"MF,FW",27.0,5.0,0,32.0,0.4,0.0,0.0,0.0,0.0,0.0,0.0,1.0,0.0,0.1,0.1,0.0,0.1,2.0,4.0,5.0,0.0,0.0,0.0,0.0,0.0,0.24,0.05,0.3,0.24,0.3,Matches,Aston-Villa,
Benjamin Broggio,eng ENG,FW,17.0,0.0,0,,,,,,,,,,,,,,,,,,,,,,,,,,,,Matches,Aston-Villa,
Joe Gauci,au AUS,GK,24.0,0.0,0,,,,,,,,,,,,,,,,,,,,,,,,,,,,Matches,Aston-Villa,
Tyrone Mings,eng ENG,DF,31.0,0.0,0,,,,,,,,,,,,,,,,,,,,,,,,,,,,Matches,Aston-Villa,
Robin Olsen,se SWE,GK,34.0,0.0,0,,,,,,,,,,,,,,,,,,,,,,,,,,,,Matches,Aston-Villa,
Sil Swinkels,nl NED,DF,20.0,0.0,0,,,,,,,,,,,,,,,,,,,,,,,,,,,,Matches,Aston-Villa,
Kadan Young,eng ENG,MF,18.0,0.0,0,,,,,,,,,,,,,,,,,,,,,,,,,,,,Matches,Aston-Villa,
Oliwier Zych,pl POL,GK,20.0,0.0,0,,,,,,,,,,,,,,,,,,,,,,,,,,,,Matches,Aston-Villa,
Squad Total,,,27.3,12.0,132,1080.0,12.0,18.0,16.0,34.0,18.0,0.0,1.0,32.0,1.0,19.2,18.4,14.6,33.0,224.0,428.0,425.0,1.5,1.33,2.83,1.5,2.83,1.6,1.21,2.82,1.54,2.75,,Aston-Villa,
Opponent Total,,,27.1,12.0,132,1080.0,12.0,19.0,13.0,32.0,18.0,1.0,2.0,40.0,1.0,14.6,13.0,10.3,23.3,207.0,377.0,371.0,1.58,1.08,2.67,1.5,2.58,1.21,0.86,2.07,1.08,1.94,,Aston-Villa,
Nick Pope,eng ENG,GK,32.0,,12,1080.0,12.0,0.0,0.0,0.0,0.0,0.0,0.0,1.0,0.0,0.0,0.0,0.0,0.0,0.0,0.0,0.0,0.0,0.0,0.0,0.0,0.0,0.0,0.0,0.0,0.0,0.0,Matches,Newcastle-United,12.0
Bruno Guimaraes,br BRA,MF,27.0,,12,1062.0,11.8,0.0,1.0,1.0,0.0,0.0,0.0,2.0,0.0,0.7,0.7,1.2,1.9,15.0,82.0,13.0,0.0,0.08,0.08,0.0,0.08,0.06,0.1,0.16,0.06,0.16,Matches,Newcastle-United,12.0
Joelinton,br BRA,"MF,FW",28.0,,12,994.0,11.0,2.0,0.0,2.0,2.0,0.0,0.0,4.0,0.0,1.9,1.9,0.7,2.6,19.0,51.0,59.0,0.18,0.0,0.18,0.18,0.18,0.17,0.07,0.24,0.17,0.24,Matches,Newcastle-United,12.0
Dan Burn,eng ENG,DF,32.0,,11,990.0,11.0,0.0,0.0,0.0,0.0,0.0,0.0,5.0,0.0,0.5,0.5,0.2,0.7,0.0,14.0,3.0,0.0,0.0,0.0,0.0,0.0,0.05,0.02,0.07,0.05,0.07,Matches,Newcastle-United,11.0
Anthony Gordon,eng ENG,FW,23.0,,11,912.0,10.1,2.0,1.0,3.0,1.0,1.0,2.0,0.0,0.0,4.0,2.4,2.2,4.6,37.0,25.0,81.0,0.2,0.1,0.3,0.1,0.2,0.39,0.22,0.61,0.24,0.45,Matches,Newcastle-United,11.0
Alexander Isak,se SWE,FW,25.0,,10,854.0,9.5,4.0,2.0,6.0,4.0,0.0,0.0,0.0,0.0,5.0,5.0,1.3,6.4,19.0,15.0,58.0,0.42,0.21,0.63,0.42,0.63,0.53,0.14,0.67,0.53,0.67,Matches,Newcastle-United,10.0
Fabian Schar,ch SUI,DF,32.0,,10,837.0,9.3,1.0,0.0,1.0,1.0,0.0,0.0,4.0,1.0,0.8,0.8,0.2,1.1,7.0,41.0,9.0,0.11,0.0,0.11,0.11,0.11,0.09,0.02,0.11,0.09,0.11,Matches,Newcastle-United,10.0
Lewis Hall,eng ENG,DF,20.0,,9,876.0,9.7,0.0,1.0,1.0,0.0,0.0,0.0,3.0,0.0,0.1,0.1,2.0,2.1,18.0,58.0,26.0,0.0,0.1,0.1,0.0,0.1,0.01,0.21,0.21,0.01,0.21,Matches,Newcastle-United,12.0
Valentino Livramento,eng ENG,DF,22.0,,9,800.0,8.9,0.0,0.0,0.0,0.0,0.0,0.0,0.0,0.0,0.0,0.0,0.5,0.5,17.0,40.0,37.0,0.0,0.0,0.0,0.0,0.0,0.0,0.06,0.06,0.0,0.06,Matches,Newcastle-United,12.0
Sean Longstaff,eng ENG,MF,27.0,,7,570.0,6.3,0.0,0.0,0.0,0.0,0.0,0.0,2.0,0.0,0.5,0.5,0.1,0.7,3.0,30.0,15.0,0.0,0.0,0.0,0.0,0.0,0.08,0.02,0.1,0.08,0.1,Matches,Newcastle-United,11.0
Jacob Murphy,eng ENG,FW,29.0,,6,518.0,5.8,0.0,2.0,2.0,0.0,0.0,0.0,1.0,0.0,0.3,0.3,1.4,1.7,17.0,28.0,46.0,0.0,0.35,0.35,0.0,0.35,0.06,0.24,0.29,0.06,0.29,Matches,Newcastle-United,10.0
Harvey Barnes,eng ENG,FW,26.0,,5,540.0,6.0,4.0,1.0,5.0,4.0,0.0,0.0,0.0,0.0,2.3,2.3,2.0,4.3,27.0,28.0,58.0,0.67,0.17,0.83,0.67,0.83,0.38,0.33,0.71,0.38,0.71,Matches,Newcastle-United,12.0
Sandro Tonali,it ITA,MF,24.0,,4,444.0,4.9,0.0,1.0,1.0,0.0,0.0,0.0,3.0,0.0,0.7,0.7,0.3,1.0,5.0,16.0,12.0,0.0,0.2,0.2,0.0,0.2,0.15,0.05,0.2,0.15,0.2,Matches,Newcastle-United,10.0
Joe Willock,eng ENG,"MF,FW",25.0,,4,374.0,4.2,0.0,1.0,1.0,0.0,0.0,0.0,1.0,0.0,0.5,0.5,1.1,1.6,14.0,19.0,36.0,0.0,0.24,0.24,0.0,0.24,0.12,0.27,0.39,0.12,0.39,Matches,Newcastle-United,10.0
Lloyd Kelly,eng ENG,DF,26.0,,4,298.0,3.3,0.0,1.0,1.0,0.0,0.0,0.0,2.0,0.0,0.4,0.4,0.5,0.8,0.0,9.0,2.0,0.0,0.3,0.3,0.0,0.3,0.11,0.14,0.25,0.11,0.25,Matches,Newcastle-United,8.0
Kieran Trippier,eng ENG,DF,34.0,,3,287.0,3.2,0.0,0.0,0.0,0.0,0.0,0.0,0.0,0.0,0.0,0.0,0.2,0.2,6.0,21.0,13.0,0.0,0.0,0.0,0.0,0.0,0.01,0.06,0.06,0.01,0.06,Matches,Newcastle-United,6.0
Emil Krafth,se SWE,DF,30.0,,2,241.0,2.7,0.0,0.0,0.0,0.0,0.0,0.0,0.0,0.0,0.0,0.0,0.1,0.1,0.0,1.0,0.0,0.0,0.0,0.0,0.0,0.0,0.01,0.03,0.05,0.01,0.05,Matches,Newcastle-United,3.0
Miguel Almiron,py PAR,FW,30.0,,1,105.0,1.2,0.0,0.0,0.0,0.0,0.0,0.0,0.0,0.0,0.4,0.4,0.2,0.5,1.0,5.0,10.0,0.0,0.0,0.0,0.0,0.0,0.31,0.15,0.46,0.31,0.46,Matches,Newcastle-United,5.0
Callum Wilson,eng ENG,FW,32.0,,0,23.0,0.3,0.0,0.0,0.0,0.0,0.0,0.0,0.0,0.0,0.0,0.0,0.0,0.0,0.0,0.0,0.0,0.0,0.0,0.0,0.0,0.0,0.0,0.0,0.0,0.0,0.0,Matches,Newcastle-United,1.0
William Osula,dk DEN,"FW,MF",21.0,,0,12.0,0.1,0.0,0.0,0.0,0.0,0.0,0.0,0.0,0.0,0.0,0.0,0.0,0.0,1.0,0.0,3.0,0.0,0.0,0.0,0.0,0.0,0.0,0.0,0.0,0.0,0.0,Matches,Newcastle-United,4.0
Martin Dubravka,sk SVK,GK,35.0,,0,,,,,,,,,,,,,,,,,,,,,,,,,,,,Matches,Newcastle-United,0.0
Lewis Miley,eng ENG,MF,18.0,,0,,,,,,,,,,,,,,,,,,,,,,,,,,,,Matches,Newcastle-United,0.0
Alex Murphy,ie IRL,DF,20.0,,0,,,,,,,,,,,,,,,,,,,,,,,,,,,,Matches,Newcastle-United,0.0
John Ruddy,eng ENG,GK,38.0,,0,,,,,,,,,,,,,,,,,,,,,,,,,,,,Matches,Newcastle-United,0.0
Matt Targett,eng ENG,"DF,MF",29.0,,0,,,,,,,,,,,,,,,,,,,,,,,,,,,,Matches,Newcastle-United,0.0
Odisseas Vlachodimos,gr GRE,GK,30.0,,0,,,,,,,,,,,,,,,,,,,,,,,,,,,,Matches,Newcastle-United,0.0
Squad Total,,,27.5,,132,1080.0,12.0,13.0,11.0,24.0,12.0,1.0,2.0,28.0,1.0,17.9,16.4,14.1,30.4,206.0,483.0,481.0,1.08,0.92,2.0,1.0,1.92,1.49,1.17,2.67,1.36,2.53,,Newcastle-United,11.0
Opponent Total,,,27.0,,132,1080.0,12.0,12.0,12.0,24.0,12.0,0.0,0.0,37.0,0.0,15.5,15.5,12.7,28.2,241.0,433.0,429.0,1.0,1.0,2.0,1.0,2.0,1.29,1.05,2.35,1.29,2.35,,Newcastle-United,11.0
Calvin Bassey,ng NGA,DF,24.0,,12,1080.0,12.0,0.0,0.0,0.0,0.0,0.0,0.0,4.0,0.0,0.2,0.2,0.0,0.3,7.0,38.0,6.0,0.0,0.0,0.0,0.0,0.0,0.02,0.0,0.02,0.02,0.02,Matches,Fulham,12.0
Bernd Leno,de GER,GK,32.0,,12,1080.0,12.0,0.0,1.0,1.0,0.0,0.0,0.0,2.0,0.0,0.0,0.0,0.1,0.1,0.0,0.0,0.0,0.0,0.08,0.08,0.0,0.08,0.0,0.0,0.0,0.0,0.0,Matches,Fulham,12.0
Antonee Robinson,us USA,DF,27.0,,12,1080.0,12.0,0.0,3.0,3.0,0.0,0.0,0.0,1.0,0.0,0.2,0.2,1.5,1.8,29.0,42.0,90.0,0.0,0.25,0.25,0.0,0.25,0.02,0.13,0.15,0.02,0.15,Matches,Fulham,12.0
Alex Iwobi,ng NGA,FW,28.0,,12,1034.0,11.5,3.0,2.0,5.0,3.0,0.0,0.0,1.0,0.0,1.3,1.3,3.2,4.5,43.0,75.0,98.0,0.26,0.17,0.44,0.26,0.44,0.11,0.28,0.39,0.11,0.39,Matches,Fulham,12.0
Kenny Tete,nl NED,DF,29.0,,12,1028.0,11.4,0.0,1.0,1.0,0.0,0.0,0.0,3.0,0.0,1.0,1.0,0.4,1.3,30.0,35.0,36.0,0.0,0.09,0.09,0.0,0.09,0.08,0.03,0.12,0.08,0.12,Matches,Fulham,12.0
Andreas Pereira,br BRA,MF,28.0,,12,892.0,9.9,1.0,0.0,1.0,1.0,0.0,1.0,3.0,0.0,2.5,1.8,1.9,3.6,8.0,54.0,41.0,0.1,0.0,0.1,0.1,0.1,0.26,0.19,0.45,0.18,0.37,Matches,Fulham,12.0
Emile Smith Rowe,eng ENG,MF,24.0,,11,854.0,9.5,3.0,2.0,5.0,3.0,0.0,0.0,1.0,0.0,2.2,2.2,0.8,2.9,30.0,65.0,54.0,0.32,0.21,0.53,0.32,0.53,0.23,0.08,0.31,0.23,0.31,Matches,Fulham,12.0
Adama Traore,es ESP,"FW,MF",28.0,,9,738.0,8.2,1.0,3.0,4.0,1.0,0.0,0.0,2.0,0.0,2.8,2.8,2.2,5.0,44.0,28.0,64.0,0.12,0.37,0.49,0.12,0.49,0.34,0.27,0.61,0.34,0.61,Matches,Fulham,12.0
Raul Jimenez,mx MEX,FW,33.0,,9,734.0,8.2,4.0,2.0,6.0,3.0,1.0,1.0,0.0,0.0,4.3,3.5,2.2,5.7,6.0,18.0,34.0,0.49,0.25,0.74,0.37,0.61,0.52,0.27,0.79,0.43,0.7,Matches,Fulham,12.0
Joachim Andersen,dk DEN,DF,28.0,,8,693.0,7.7,0.0,0.0,0.0,0.0,0.0,0.0,0.0,1.0,0.2,0.2,0.2,0.5,3.0,35.0,1.0,0.0,0.0,0.0,0.0,0.0,0.03,0.03,0.06,0.03,0.06,Matches,Fulham,8.0
Sasa Lukic,rs SRB,MF,28.0,,8,637.0,7.1,0.0,0.0,0.0,0.0,0.0,0.0,4.0,0.0,0.0,0.0,0.3,0.3,8.0,32.0,1.0,0.0,0.0,0.0,0.0,0.0,0.0,0.04,0.04,0.0,0.04,Matches,Fulham,8.0
Sander Berge,no NOR,MF,26.0,,5,524.0,5.8,0.0,0.0,0.0,0.0,0.0,0.0,0.0,0.0,0.0,0.0,0.3,0.3,4.0,27.0,0.0,0.0,0.0,0.0,0.0,0.0,0.0,0.05,0.05,0.0,0.05,Matches,Fulham,9.0
Issa Diop,fr FRA,DF,27.0,,4,393.0,4.4,0.0,0.0,0.0,0.0,0.0,0.0,1.0,0.0,0.3,0.3,0.1,0.3,0.0,12.0,1.0,0.0,0.0,0.0,0.0,0.0,0.06,0.02,0.08,0.06,0.08,Matches,Fulham,7.0
Reiss Nelson,eng ENG,FW,24.0,,3,356.0,4.0,1.0,1.0,2.0,1.0,0.0,0.0,1.0,0.0,0.9,0.9,0.7,1.6,34.0,28.0,51.0,0.25,0.25,0.51,0.25,0.51,0.23,0.17,0.4,0.23,0.4,Matches,Fulham,9.0
Rodrigo Muniz,br BRA,FW,23.0,,3,346.0,3.8,1.0,1.0,2.0,1.0,0.0,0.0,1.0,0.0,1.4,1.4,0.6,2.0,2.0,8.0,15.0,0.26,0.26,0.52,0.26,0.52,0.37,0.16,0.52,0.37,0.52,Matches,Fulham,11.0
Tom Cairney,sct SCO,MF,33.0,,0,157.0,1.7,0.0,0.0,0.0,0.0,0.0,0.0,2.0,0.0,0.0,0.0,0.5,0.5,4.0,24.0,11.0,0.0,0.0,0.0,0.0,0.0,0.0,0.28,0.28,0.0,0.28,Matches,Fulham,9.0
Harry Wilson,wls WAL,"FW,MF",27.0,,0,112.0,1.2,3.0,0.0,3.0,3.0,0.0,0.0,2.0,0.0,0.7,0.7,0.0,0.7,3.0,6.0,17.0,2.41,0.0,2.41,2.41,2.41,0.59,0.0,0.59,0.59,0.59,Matches,Fulham,8.0
Harrison Reed,eng ENG,MF,29.0,,0,61.0,0.7,0.0,0.0,0.0,0.0,0.0,0.0,2.0,0.0,0.0,0.0,0.1,0.1,1.0,3.0,7.0,0.0,0.0,0.0,0.0,0.0,0.02,0.11,0.13,0.02,0.13,Matches,Fulham,8.0
Timothy Castagne,be BEL,DF,28.0,,0,52.0,0.6,0.0,0.0,0.0,0.0,0.0,0.0,0.0,0.0,0.1,0.1,0.0,0.1,0.0,3.0,4.0,0.0,0.0,0.0,0.0,0.0,0.09,0.0,0.09,0.09,0.09,Matches,Fulham,3.0
Jorge Cuenca,es ESP,DF,25.0,,0,1.0,0.0,0.0,0.0,0.0,0.0,0.0,0.0,0.0,0.0,0.0,0.0,0.0,0.0,0.0,1.0,0.0,0.0,0.0,0.0,0.0,0.0,0.0,0.0,0.0,0.0,0.0,Matches,Fulham,1.0
Jay Stansfield,eng ENG,MF,22.0,,0,1.0,0.0,0.0,0.0,0.0,0.0,0.0,0.0,0.0,0.0,0.0,0.0,0.0,0.0,0.0,0.0,0.0,0.0,0.0,0.0,0.0,0.0,0.0,0.0,0.0,0.0,0.0,Matches,Fulham,1.0
Steven Benda,de GER,GK,26.0,,0,,,,,,,,,,,,,,,,,,,,,,,,,,,,Matches,Fulham,0.0
Joshua King,eng ENG,MF,17.0,,0,,,,,,,,,,,,,,,,,,,,,,,,,,,,Matches,Fulham,0.0
Ryan Sessegnon,eng ENG,"DF,FW",24.0,,0,,,,,,,,,,,,,,,,,,,,,,,,,,,,Matches,Fulham,0.0
Squad Total,,,28.3,,132,1080.0,12.0,17.0,16.0,33.0,16.0,1.0,2.0,30.0,1.0,18.0,16.4,14.9,31.3,256.0,534.0,531.0,1.42,1.33,2.75,1.33,2.67,1.5,1.24,2.74,1.37,2.61,,Fulham,12.0
Opponent Total,,,27.5,,132,1080.0,12.0,16.0,15.0,31.0,16.0,0.0,0.0,21.0,2.0,14.0,14.0,11.2,25.2,183.0,412.0,408.0,1.33,1.25,2.58,1.33,2.58,1.17,0.94,2.1,1.17,2.1,,Fulham,12.0
Nathan Collins,ie IRL,DF,23.0,12.0,12,1080.0,12.0,1.0,0.0,1.0,1.0,0.0,0.0,1.0,0.0,1.8,1.8,0.4,2.2,10.0,41.0,6.0,0.08,0.0,0.08,0.08,0.08,0.15,0.04,0.18,0.15,0.18,Matches,Brentford,
Mark Flekken,nl NED,GK,31.0,12.0,12,1080.0,12.0,0.0,0.0,0.0,0.0,0.0,0.0,0.0,0.0,0.0,0.0,0.0,0.0,0.0,0.0,0.0,0.0,0.0,0.0,0.0,0.0,0.0,0.0,0.0,0.0,0.0,Matches,Brentford,
Ethan Pinnock,jm JAM,DF,31.0,12.0,12,1080.0,12.0,2.0,0.0,2.0,2.0,0.0,0.0,1.0,0.0,0.9,0.9,0.9,1.8,1.0,26.0,4.0,0.17,0.0,0.17,0.17,0.17,0.07,0.08,0.15,0.07,0.15,Matches,Brentford,
Bryan Mbeumo,cm CMR,FW,25.0,12.0,12,1074.0,11.9,8.0,1.0,9.0,6.0,2.0,2.0,2.0,0.0,3.9,2.3,2.2,4.5,35.0,38.0,108.0,0.67,0.08,0.75,0.5,0.59,0.33,0.18,0.51,0.19,0.38,Matches,Brentford,
Vitaly Janelt,de GER,MF,26.0,12.0,12,987.0,11.0,1.0,3.0,4.0,1.0,0.0,0.0,1.0,0.0,0.4,0.4,1.6,2.0,8.0,37.0,18.0,0.09,0.27,0.36,0.09,0.36,0.04,0.14,0.18,0.04,0.18,Matches,Brentford,
Mikkel Damsgaard,dk DEN,"MF,FW",24.0,12.0,10,861.0,9.6,1.0,3.0,4.0,1.0,0.0,0.0,0.0,0.0,0.9,0.9,3.2,4.1,23.0,58.0,33.0,0.1,0.31,0.42,0.1,0.42,0.09,0.34,0.43,0.09,0.43,Matches,Brentford,
Keane Lewis-Potter,eng ENG,"DF,FW",23.0,12.0,10,855.0,9.5,0.0,1.0,1.0,0.0,0.0,0.0,1.0,0.0,0.9,0.9,1.0,1.9,26.0,25.0,49.0,0.0,0.11,0.11,0.0,0.11,0.09,0.11,0.2,0.09,0.2,Matches,Brentford,
Christian Nørgaard,dk DEN,MF,30.0,10.0,10,815.0,9.1,1.0,1.0,2.0,1.0,0.0,0.0,2.0,1.0,1.3,1.3,0.3,1.6,5.0,36.0,12.0,0.11,0.11,0.22,0.11,0.22,0.14,0.03,0.17,0.14,0.17,Matches,Brentford,
Sepp van den Berg,nl NED,DF,22.0,10.0,9,822.0,9.1,0.0,0.0,0.0,0.0,0.0,0.0,0.0,0.0,0.6,0.6,0.1,0.7,3.0,21.0,16.0,0.0,0.0,0.0,0.0,0.0,0.07,0.01,0.08,0.07,0.08,Matches,Brentford,
Kristoffer Ajer,no NOR,DF,26.0,8.0,8,636.0,7.1,0.0,0.0,0.0,0.0,0.0,0.0,3.0,0.0,0.3,0.3,0.2,0.5,14.0,25.0,12.0,0.0,0.0,0.0,0.0,0.0,0.04,0.03,0.07,0.04,0.07,Matches,Brentford,
Yoane Wissa,cd COD,FW,28.0,9.0,8,636.0,7.1,7.0,1.0,8.0,7.0,0.0,0.0,1.0,0.0,5.3,5.3,0.3,5.6,8.0,11.0,36.0,0.99,0.14,1.13,0.99,1.13,0.75,0.05,0.8,0.75,0.8,Matches,Brentford,
Kevin Schade,de GER,"FW,MF",23.0,12.0,5,506.0,5.6,0.0,0.0,0.0,0.0,0.0,0.0,1.0,0.0,1.5,1.5,0.1,1.6,13.0,7.0,37.0,0.0,0.0,0.0,0.0,0.0,0.26,0.02,0.28,0.26,0.28,Matches,Brentford,
Mathias Jensen,dk DEN,MF,28.0,7.0,5,438.0,4.9,0.0,1.0,1.0,0.0,0.0,0.0,1.0,0.0,0.2,0.2,0.8,1.0,5.0,31.0,15.0,0.0,0.21,0.21,0.0,0.21,0.05,0.16,0.21,0.05,0.21,Matches,Brentford,
Mads Roerslev,dk DEN,DF,25.0,9.0,4,448.0,5.0,0.0,1.0,1.0,0.0,0.0,0.0,1.0,0.0,0.0,0.0,1.6,1.6,7.0,29.0,30.0,0.0,0.2,0.2,0.0,0.2,0.0,0.32,0.32,0.0,0.32,Matches,Brentford,
Fabio Carvalho,pt POR,"FW,MF",22.0,11.0,2,290.0,3.2,1.0,1.0,2.0,1.0,0.0,0.0,1.0,0.0,1.5,1.5,0.5,2.0,5.0,7.0,13.0,0.31,0.31,0.62,0.31,0.62,0.46,0.16,0.63,0.46,0.63,Matches,Brentford,
Yehor Yarmoliuk,ua UKR,MF,20.0,8.0,1,149.0,1.7,0.0,0.0,0.0,0.0,0.0,0.0,1.0,0.0,0.2,0.2,0.0,0.3,1.0,6.0,6.0,0.0,0.0,0.0,0.0,0.0,0.14,0.02,0.15,0.14,0.15,Matches,Brentford,
Frank Onyeka,ng NGA,MF,26.0,2.0,0,25.0,0.3,0.0,0.0,0.0,0.0,0.0,0.0,0.0,0.0,0.0,0.0,0.0,0.0,0.0,1.0,0.0,0.0,0.0,0.0,0.0,0.0,0.0,0.0,0.0,0.0,0.0,Matches,Brentford,
Yunus Emre Konak,tr TUR,"MF,FW",18.0,4.0,0,20.0,0.2,0.0,0.0,0.0,0.0,0.0,0.0,0.0,0.0,0.2,0.2,0.0,0.2,1.0,2.0,1.0,0.0,0.0,0.0,0.0,0.0,0.69,0.0,0.69,0.69,0.69,Matches,Brentford,
Thiago,br BRA,FW,23.0,1.0,0,19.0,0.2,0.0,0.0,0.0,0.0,0.0,0.0,0.0,0.0,0.0,0.0,0.0,0.0,0.0,1.0,0.0,0.0,0.0,0.0,0.0,0.0,0.0,0.0,0.0,0.0,0.0,Matches,Brentford,
Ben Mee,eng ENG,"DF,FW",35.0,2.0,0,5.0,0.1,0.0,0.0,0.0,0.0,0.0,0.0,0.0,0.0,0.0,0.0,0.0,0.0,0.0,0.0,0.0,0.0,0.0,0.0,0.0,0.0,0.0,0.0,0.0,0.0,0.0,Matches,Brentford,
Ryan Trevitt,eng ENG,MF,21.0,1.0,0,4.0,0.0,0.0,0.0,0.0,0.0,0.0,0.0,0.0,0.0,0.0,0.0,0.0,0.0,0.0,0.0,1.0,0.0,0.0,0.0,0.0,0.0,0.0,0.0,0.0,0.0,0.0,Matches,Brentford,
Kim Jisoo,kr KOR,DF,19.0,0.0,0,,,,,,,,,,,,,,,,,,,,,,,,,,,,Matches,Brentford,
Edmond-Paris Maghoma,eng ENG,MF,23.0,0.0,0,,,,,,,,,,,,,,,,,,,,,,,,,,,,Matches,Brentford,
Jayden Meghoma,eng ENG,DF,18.0,0.0,0,,,,,,,,,,,,,,,,,,,,,,,,,,,,Matches,Brentford,
Myles Peart-Harris,eng ENG,MF,22.0,0.0,0,,,,,,,,,,,,,,,,,,,,,,,,,,,,Matches,Brentford,
Hakon Rafn Valdimarsson,is ISL,GK,23.0,0.0,0,,,,,,,,,,,,,,,,,,,,,,,,,,,,Matches,Brentford,
Tony Yogane,eng ENG,MF,19.0,0.0,0,,,,,,,,,,,,,,,,,,,,,,,,,,,,Matches,Brentford,
Squad Total,,,26.5,12.0,132,1080.0,12.0,22.0,13.0,35.0,20.0,2.0,2.0,17.0,1.0,19.3,17.7,13.3,31.0,165.0,402.0,397.0,1.83,1.08,2.92,1.67,2.75,1.61,1.11,2.72,1.47,2.59,,Brentford,
Opponent Total,,,27.5,12.0,132,1080.0,12.0,21.0,18.0,39.0,21.0,0.0,0.0,31.0,1.0,20.5,20.5,15.7,36.2,280.0,556.0,551.0,1.75,1.5,3.25,1.75,3.25,1.71,1.31,3.01,1.71,3.01,,Brentford,
Andre Onana,cm CMR,GK,28.0,,12,1080.0,12.0,0.0,0.0,0.0,0.0,0.0,0.0,0.0,0.0,0.0,0.0,0.2,0.2,0.0,0.0,0.0,0.0,0.0,0.0,0.0,0.0,0.0,0.01,0.01,0.0,0.01,Matches,Manchester-United,12.0
Diogo Dalot,pt POR,DF,25.0,,12,1046.0,11.6,0.0,1.0,1.0,0.0,0.0,0.0,3.0,0.0,0.7,0.7,1.1,1.8,11.0,44.0,40.0,0.0,0.09,0.09,0.0,0.09,0.06,0.1,0.16,0.06,0.16,Matches,Manchester-United,12.0
Bruno Fernandes,pt POR,"MF,FW",30.0,,12,1019.0,11.3,2.0,3.0,5.0,1.0,1.0,1.0,1.0,1.0,4.2,3.4,3.2,6.6,24.0,90.0,56.0,0.18,0.26,0.44,0.09,0.35,0.37,0.28,0.65,0.3,0.58,Matches,Manchester-United,12.0
Noussair Mazraoui,ma MAR,DF,27.0,,11,912.0,10.1,0.0,1.0,1.0,0.0,0.0,0.0,1.0,0.0,0.2,0.2,0.2,0.5,13.0,45.0,16.0,0.0,0.1,0.1,0.0,0.1,0.02,0.02,0.04,0.02,0.04,Matches,Manchester-United,12.0
Marcus Rashford,eng ENG,FW,27.0,,11,824.0,9.2,2.0,1.0,3.0,2.0,0.0,0.0,2.0,0.0,1.1,1.1,2.0,3.1,17.0,20.0,64.0,0.22,0.11,0.33,0.22,0.33,0.12,0.22,0.34,0.12,0.34,Matches,Manchester-United,12.0
Lisandro Martinez,ar ARG,DF,26.0,,10,886.0,9.8,0.0,0.0,0.0,0.0,0.0,0.0,4.0,0.0,0.8,0.8,0.1,0.9,5.0,58.0,5.0,0.0,0.0,0.0,0.0,0.0,0.08,0.01,0.09,0.08,0.09,Matches,Manchester-United,10.0
Matthijs de Ligt,nl NED,DF,25.0,,9,851.0,9.5,1.0,0.0,1.0,1.0,0.0,0.0,2.0,0.0,1.1,1.1,0.1,1.2,3.0,16.0,1.0,0.11,0.0,0.11,0.11,0.11,0.12,0.01,0.13,0.12,0.13,Matches,Manchester-United,12.0
Alejandro Garnacho,ar ARG,FW,20.0,,8,800.0,8.9,3.0,1.0,4.0,3.0,0.0,0.0,1.0,0.0,3.7,3.7,1.1,4.8,53.0,14.0,107.0,0.34,0.11,0.45,0.34,0.45,0.42,0.12,0.54,0.42,0.54,Matches,Manchester-United,12.0
Casemiro,br BRA,MF,32.0,,8,680.0,7.6,1.0,0.0,1.0,1.0,0.0,0.0,1.0,0.0,1.0,1.0,2.0,2.9,3.0,39.0,15.0,0.13,0.0,0.13,0.13,0.13,0.13,0.26,0.39,0.13,0.39,Matches,Manchester-United,11.0
Kobbie Mainoo,eng ENG,MF,19.0,,7,571.0,6.3,0.0,0.0,0.0,0.0,0.0,0.0,4.0,0.0,0.1,0.1,0.7,0.8,5.0,24.0,11.0,0.0,0.0,0.0,0.0,0.0,0.02,0.11,0.13,0.02,0.13,Matches,Manchester-United,7.0
Amad Diallo,ci CIV,"FW,DF",22.0,,6,572.0,6.4,1.0,3.0,4.0,1.0,0.0,0.0,2.0,0.0,0.8,0.8,1.5,2.3,39.0,25.0,72.0,0.16,0.47,0.63,0.16,0.63,0.13,0.23,0.36,0.13,0.36,Matches,Manchester-United,10.0
Christian Eriksen,dk DEN,MF,32.0,,6,507.0,5.6,0.0,0.0,0.0,0.0,0.0,0.0,2.0,0.0,0.1,0.1,1.7,1.8,4.0,27.0,15.0,0.0,0.0,0.0,0.0,0.0,0.02,0.29,0.31,0.02,0.31,Matches,Manchester-United,9.0
Rasmus Højlund,dk DEN,FW,21.0,,5,439.0,4.9,1.0,0.0,1.0,1.0,0.0,0.0,0.0,0.0,1.1,1.1,0.3,1.4,8.0,4.0,20.0,0.21,0.0,0.21,0.21,0.21,0.22,0.06,0.28,0.22,0.28,Matches,Manchester-United,8.0
Joshua Zirkzee,nl NED,"FW,MF",23.0,,4,457.0,5.1,1.0,1.0,2.0,1.0,0.0,0.0,1.0,0.0,2.7,2.7,0.6,3.3,3.0,15.0,20.0,0.2,0.2,0.39,0.2,0.39,0.52,0.12,0.65,0.52,0.65,Matches,Manchester-United,12.0
Manuel Ugarte Ribeiro,uy URU,MF,23.0,,3,316.0,3.5,0.0,0.0,0.0,0.0,0.0,0.0,2.0,0.0,0.0,0.0,0.3,0.3,3.0,12.0,6.0,0.0,0.0,0.0,0.0,0.0,0.0,0.08,0.08,0.0,0.08,Matches,Manchester-United,7.0
Jonny Evans,nir NIR,DF,36.0,,3,290.0,3.2,0.0,0.0,0.0,0.0,0.0,0.0,1.0,0.0,0.1,0.1,0.0,0.1,1.0,8.0,2.0,0.0,0.0,0.0,0.0,0.0,0.03,0.0,0.03,0.03,0.03,Matches,Manchester-United,6.0
Harry Maguire,eng ENG,DF,31.0,,3,242.0,2.7,0.0,0.0,0.0,0.0,0.0,0.0,3.0,0.0,0.0,0.0,0.0,0.1,1.0,11.0,0.0,0.0,0.0,0.0,0.0,0.0,0.01,0.01,0.02,0.01,0.02,Matches,Manchester-United,5.0
Mason Mount,eng ENG,"MF,FW",25.0,,2,150.0,1.7,0.0,0.0,0.0,0.0,0.0,0.0,2.0,0.0,0.4,0.4,0.1,0.5,1.0,4.0,4.0,0.0,0.0,0.0,0.0,0.0,0.23,0.07,0.29,0.23,0.29,Matches,Manchester-United,4.0
Victor Lindelof,se SWE,"DF,MF",30.0,,0,62.0,0.7,0.0,0.0,0.0,0.0,0.0,0.0,1.0,0.0,0.0,0.0,0.0,0.0,0.0,5.0,1.0,0.0,0.0,0.0,0.0,0.0,0.0,0.03,0.03,0.0,0.03,Matches,Manchester-United,4.0
Toby Collyer,eng ENG,MF,20.0,,0,45.0,0.5,0.0,0.0,0.0,0.0,0.0,0.0,0.0,0.0,0.0,0.0,0.1,0.1,0.0,2.0,2.0,0.0,0.0,0.0,0.0,0.0,0.0,0.15,0.15,0.0,0.15,Matches,Manchester-United,1.0
Luke Shaw,eng ENG,DF,29.0,,0,35.0,0.4,0.0,0.0,0.0,0.0,0.0,0.0,0.0,0.0,0.0,0.0,0.0,0.0,1.0,5.0,0.0,0.0,0.0,0.0,0.0,0.0,0.0,0.0,0.0,0.0,0.0,Matches,Manchester-United,1.0
Antony,br BRA,FW,24.0,,0,28.0,0.3,0.0,0.0,0.0,0.0,0.0,0.0,0.0,0.0,0.1,0.1,0.1,0.2,1.0,0.0,1.0,0.0,0.0,0.0,0.0,0.0,0.47,0.22,0.7,0.47,0.7,Matches,Manchester-United,2.0
Scott McTominay,sct SCO,MF,27.0,,0,19.0,0.2,0.0,0.0,0.0,0.0,0.0,0.0,0.0,0.0,0.1,0.1,0.0,0.1,0.0,1.0,2.0,0.0,0.0,0.0,0.0,0.0,0.33,0.0,0.33,0.33,0.33,Matches,Manchester-United,2.0
Harry Amass,eng ENG,DF,17.0,,0,,,,,,,,,,,,,,,,,,,,,,,,,,,,Matches,Manchester-United,0.0
Altay Bayındır,tr TUR,GK,26.0,,0,,,,,,,,,,,,,,,,,,,,,,,,,,,,Matches,Manchester-United,0.0
Jayce Fitzgerald,eng ENG,MF,17.0,,0,,,,,,,,,,,,,,,,,,,,,,,,,,,,Matches,Manchester-United,0.0
Jack Fletcher,eng ENG,MF,17.0,,0,,,,,,,,,,,,,,,,,,,,,,,,,,,,Matches,Manchester-United,0.0
Tom Heaton,eng ENG,GK,38.0,,0,,,,,,,,,,,,,,,,,,,,,,,,,,,,Matches,Manchester-United,0.0
Tyrell Malacia,nl NED,DF,25.0,,0,,,,,,,,,,,,,,,,,,,,,,,,,,,,Matches,Manchester-United,0.0
Ethan Wheatley,eng ENG,FW,18.0,,0,,,,,,,,,,,,,,,,,,,,,,,,,,,,Matches,Manchester-United,0.0
Squad Total,,,26.7,,132,1080.0,12.0,12.0,11.0,23.0,11.0,1.0,1.0,33.0,1.0,18.2,17.4,15.2,32.6,196.0,469.0,460.0,1.0,0.92,1.92,0.92,1.83,1.51,1.27,2.78,1.45,2.72,,Manchester-United,12.0
Opponent Total,,,26.8,,132,1080.0,12.0,13.0,10.0,23.0,12.0,1.0,2.0,23.0,1.0,18.3,16.8,14.1,30.8,220.0,399.0,395.0,1.08,0.83,1.92,1.0,1.83,1.53,1.17,2.7,1.4,2.57,,Manchester-United,12.0
Illia Zabarnyi,ua UKR,DF,22.0,12.0,12,1080.0,12.0,0.0,0.0,0.0,0.0,0.0,0.0,1.0,0.0,0.3,0.3,0.1,0.4,7.0,49.0,1.0,0.0,0.0,0.0,0.0,0.0,0.03,0.01,0.04,0.03,0.04,Matches,Bournemouth,
Lewis Cook,eng ENG,MF,27.0,12.0,12,1073.0,11.9,1.0,3.0,4.0,1.0,0.0,0.0,4.0,0.0,0.5,0.5,2.1,2.6,10.0,64.0,17.0,0.08,0.25,0.34,0.08,0.34,0.04,0.18,0.22,0.04,0.22,Matches,Bournemouth,
Antoine Semenyo,gh GHA,FW,24.0,12.0,12,1057.0,11.7,4.0,1.0,5.0,4.0,0.0,0.0,5.0,0.0,4.1,4.1,2.3,6.4,48.0,27.0,96.0,0.34,0.09,0.43,0.34,0.43,0.35,0.19,0.55,0.35,0.55,Matches,Bournemouth,
Milos Kerkez,hu HUN,DF,21.0,12.0,12,1007.0,11.2,0.0,2.0,2.0,0.0,0.0,0.0,2.0,0.0,0.2,0.1,1.3,1.5,35.0,51.0,49.0,0.0,0.18,0.18,0.0,0.18,0.01,0.12,0.13,0.01,0.13,Matches,Bournemouth,
Marcus Tavernier,eng ENG,"MF,FW",25.0,12.0,10,893.0,9.9,1.0,2.0,3.0,1.0,0.0,0.0,2.0,0.0,2.6,2.6,1.8,4.4,23.0,57.0,62.0,0.1,0.2,0.3,0.1,0.3,0.26,0.18,0.44,0.26,0.44,Matches,Bournemouth,
Marcos Senesi,ar ARG,DF,27.0,10.0,10,836.0,9.3,0.0,0.0,0.0,0.0,0.0,0.0,4.0,0.0,0.8,0.8,0.3,1.1,11.0,44.0,3.0,0.0,0.0,0.0,0.0,0.0,0.09,0.03,0.11,0.09,0.11,Matches,Bournemouth,
Evanilson,br BRA,FW,25.0,11.0,10,797.0,8.9,4.0,0.0,4.0,4.0,0.0,1.0,0.0,0.0,4.5,3.7,0.7,4.4,9.0,5.0,24.0,0.45,0.0,0.45,0.45,0.45,0.51,0.08,0.59,0.42,0.5,Matches,Bournemouth,
Ryan Christie,sct SCO,MF,29.0,11.0,9,703.0,7.8,1.0,0.0,1.0,1.0,0.0,0.0,5.0,0.0,0.5,0.5,1.1,1.5,8.0,43.0,18.0,0.13,0.0,0.13,0.13,0.13,0.06,0.14,0.2,0.06,0.2,Matches,Bournemouth,
Justin Kluivert,nl NED,"MF,FW",25.0,12.0,9,699.0,7.8,2.0,2.0,4.0,1.0,1.0,1.0,4.0,0.0,2.3,1.5,1.3,2.8,16.0,29.0,53.0,0.26,0.26,0.52,0.13,0.39,0.29,0.17,0.46,0.19,0.36,Matches,Bournemouth,
Adam Smith,eng ENG,DF,33.0,12.0,7,681.0,7.6,0.0,0.0,0.0,0.0,0.0,0.0,3.0,0.0,0.6,0.6,0.1,0.7,2.0,14.0,10.0,0.0,0.0,0.0,0.0,0.0,0.08,0.02,0.09,0.08,0.09,Matches,Bournemouth,
Kepa Arrizabalaga,es ESP,GK,30.0,7.0,7,630.0,7.0,0.0,0.0,0.0,0.0,0.0,0.0,0.0,0.0,0.0,0.0,0.0,0.0,0.0,0.0,0.0,0.0,0.0,0.0,0.0,0.0,0.0,0.0,0.0,0.0,0.0,Matches,Bournemouth,
Julian Araujo,mx MEX,DF,23.0,8.0,5,355.0,3.9,0.0,0.0,0.0,0.0,0.0,0.0,1.0,0.0,0.0,0.0,0.0,0.0,2.0,14.0,11.0,0.0,0.0,0.0,0.0,0.0,0.0,0.0,0.0,0.0,0.0,Matches,Bournemouth,
Dango Ouattara,bf BFA,"FW,DF",22.0,9.0,4,440.0,4.9,1.0,1.0,2.0,1.0,0.0,0.0,0.0,0.0,1.5,1.5,1.6,3.1,24.0,7.0,50.0,0.2,0.2,0.41,0.2,0.41,0.31,0.32,0.64,0.31,0.64,Matches,Bournemouth,
Mark Travers,ie IRL,GK,25.0,3.0,3,270.0,3.0,0.0,0.0,0.0,0.0,0.0,0.0,0.0,0.0,0.0,0.0,0.0,0.0,0.0,0.0,0.0,0.0,0.0,0.0,0.0,0.0,0.0,0.0,0.0,0.0,0.0,Matches,Bournemouth,
Alex Scott,eng ENG,MF,21.0,8.0,2,263.0,2.9,0.0,0.0,0.0,0.0,0.0,0.0,0.0,0.0,0.1,0.1,0.2,0.3,5.0,32.0,14.0,0.0,0.0,0.0,0.0,0.0,0.05,0.07,0.12,0.05,0.12,Matches,Bournemouth,
Dean Huijsen,es ESP,DF,19.0,6.0,2,245.0,2.7,0.0,0.0,0.0,0.0,0.0,0.0,1.0,0.0,0.5,0.5,0.2,0.7,3.0,16.0,1.0,0.0,0.0,0.0,0.0,0.0,0.18,0.08,0.27,0.18,0.27,Matches,Bournemouth,
Neto,br BRA,GK,35.0,2.0,2,180.0,2.0,0.0,0.0,0.0,0.0,0.0,0.0,0.0,0.0,0.0,0.0,0.0,0.0,0.0,0.0,0.0,0.0,0.0,0.0,0.0,0.0,0.0,0.0,0.0,0.0,0.0,Matches,Bournemouth,
Tyler Adams,us USA,MF,25.0,4.0,2,165.0,1.8,0.0,0.0,0.0,0.0,0.0,0.0,1.0,0.0,0.0,0.0,0.1,0.2,0.0,7.0,0.0,0.0,0.0,0.0,0.0,0.0,0.01,0.07,0.09,0.01,0.09,Matches,Bournemouth,
Luis Sinisterra,co COL,"FW,MF",25.0,8.0,1,208.0,2.3,1.0,1.0,2.0,1.0,0.0,0.0,0.0,0.0,1.1,1.1,1.0,2.1,14.0,3.0,29.0,0.43,0.43,0.87,0.43,0.87,0.48,0.44,0.92,0.48,0.92,Matches,Bournemouth,
Enes Unal,tr TUR,"FW,MF",27.0,9.0,1,166.0,1.8,0.0,1.0,1.0,0.0,0.0,0.0,1.0,0.0,0.9,0.9,0.2,1.2,4.0,7.0,10.0,0.0,0.54,0.54,0.0,0.54,0.51,0.12,0.63,0.51,0.63,Matches,Bournemouth,
David Brooks,wls WAL,"FW,MF",27.0,5.0,0,65.0,0.7,1.0,0.0,1.0,1.0,0.0,0.0,0.0,0.0,0.2,0.2,0.6,0.8,5.0,6.0,20.0,1.38,0.0,1.38,1.38,1.38,0.28,0.83,1.1,0.28,1.1,Matches,Bournemouth,
Daniel Jebbison,eng ENG,FW,21.0,2.0,0,28.0,0.3,0.0,0.0,0.0,0.0,0.0,0.0,0.0,0.0,0.0,0.0,0.0,0.0,1.0,0.0,1.0,0.0,0.0,0.0,0.0,0.0,0.0,0.07,0.07,0.0,0.07,Matches,Bournemouth,
Philip Billing,dk DEN,MF,28.0,2.0,0,23.0,0.3,0.0,0.0,0.0,0.0,0.0,0.0,0.0,0.0,0.0,0.0,0.0,0.0,0.0,0.0,2.0,0.0,0.0,0.0,0.0,0.0,0.0,0.0,0.0,0.0,0.0,Matches,Bournemouth,
Max Aarons,eng ENG,DF,24.0,1.0,0,16.0,0.2,0.0,0.0,0.0,0.0,0.0,0.0,0.0,0.0,0.0,0.0,0.0,0.0,1.0,4.0,3.0,0.0,0.0,0.0,0.0,0.0,0.0,0.0,0.0,0.0,0.0,Matches,Bournemouth,
Jaidon Anthony,eng ENG,"FW,MF",24.0,0.0,0,,,,,,,,,,,,,,,,,,,,,,,,,,,,Matches,Bournemouth,
Will Dennis,eng ENG,GK,24.0,0.0,0,,,,,,,,,,,,,,,,,,,,,,,,,,,,Matches,Bournemouth,
James Hill,eng ENG,DF,22.0,0.0,0,,,,,,,,,,,,,,,,,,,,,,,,,,,,Matches,Bournemouth,
Hamed Junior Traore,ci CIV,"FW,MF",24.0,0.0,0,,,,,,,,,,,,,,,,,,,,,,,,,,,,Matches,Bournemouth,
Maxwell Wellings,eng ENG,DF,19.0,0.0,0,,,,,,,,,,,,,,,,,,,,,,,,,,,,Matches,Bournemouth,
Squad Total,,,25.9,12.0,132,1080.0,12.0,16.0,13.0,29.0,15.0,1.0,2.0,34.0,0.0,20.5,18.9,15.0,33.8,228.0,479.0,474.0,1.33,1.08,2.42,1.25,2.33,1.7,1.25,2.95,1.57,2.82,,Bournemouth,
Opponent Total,,,27.0,12.0,132,1080.0,12.0,17.0,13.0,30.0,17.0,0.0,0.0,38.0,2.0,15.3,15.3,12.1,27.5,217.0,423.0,417.0,1.42,1.08,2.5,1.42,2.5,1.28,1.01,2.29,1.28,2.29,,Bournemouth,
Max Kilman,eng ENG,DF,27.0,,12,1080.0,12.0,0.0,1.0,1.0,0.0,0.0,0.0,3.0,0.0,0.7,0.7,0.3,0.9,12.0,47.0,2.0,0.0,0.08,0.08,0.0,0.08,0.05,0.02,0.08,0.05,0.08,Matches,West-Ham-United,12.0
Jarrod Bowen,eng ENG,"FW,MF",27.0,,12,1056.0,11.7,3.0,3.0,6.0,2.0,1.0,1.0,0.0,0.0,2.1,1.4,3.1,4.5,46.0,47.0,68.0,0.26,0.26,0.51,0.17,0.43,0.18,0.26,0.44,0.12,0.38,Matches,West-Ham-United,12.0
Emerson Palmieri,it ITA,DF,30.0,,12,925.0,10.3,0.0,1.0,1.0,0.0,0.0,0.0,3.0,0.0,1.0,1.0,0.9,1.9,15.0,24.0,43.0,0.0,0.1,0.1,0.0,0.1,0.09,0.09,0.18,0.09,0.18,Matches,West-Ham-United,12.0
Lucas Paqueta,br BRA,MF,27.0,,11,901.0,10.0,2.0,0.0,2.0,1.0,1.0,1.0,4.0,0.0,2.2,1.4,1.3,2.7,8.0,56.0,28.0,0.2,0.0,0.2,0.1,0.1,0.22,0.13,0.35,0.14,0.27,Matches,West-Ham-United,12.0
Guido Rodriguez,ar ARG,MF,30.0,,11,806.0,9.0,0.0,0.0,0.0,0.0,0.0,0.0,3.0,0.0,0.1,0.1,0.0,0.1,2.0,24.0,4.0,0.0,0.0,0.0,0.0,0.0,0.01,0.0,0.01,0.01,0.01,Matches,West-Ham-United,12.0
Aaron Wan-Bissaka,eng ENG,DF,27.0,,10,905.0,10.1,1.0,0.0,1.0,1.0,0.0,0.0,0.0,0.0,0.1,0.1,0.3,0.5,32.0,44.0,39.0,0.1,0.0,0.1,0.1,0.1,0.01,0.03,0.05,0.01,0.05,Matches,West-Ham-United,11.0
Michail Antonio,jm JAM,FW,34.0,,10,743.0,8.3,1.0,1.0,2.0,1.0,0.0,0.0,1.0,0.0,1.9,1.9,1.6,3.5,25.0,15.0,51.0,0.12,0.12,0.24,0.12,0.24,0.24,0.19,0.43,0.24,0.43,Matches,West-Ham-United,12.0
Tomas Soucek,cz CZE,MF,29.0,,8,744.0,8.3,3.0,0.0,3.0,3.0,0.0,0.0,3.0,0.0,2.3,2.3,0.4,2.7,2.0,28.0,20.0,0.36,0.0,0.36,0.36,0.36,0.28,0.05,0.33,0.28,0.33,Matches,West-Ham-United,11.0
Alphonse Areola,fr FRA,GK,31.0,,8,675.0,7.5,0.0,0.0,0.0,0.0,0.0,0.0,0.0,0.0,0.0,0.0,0.0,0.0,0.0,0.0,0.0,0.0,0.0,0.0,0.0,0.0,0.0,0.0,0.0,0.0,0.0,Matches,West-Ham-United,8.0
Mohammed Kudus,gh GHA,"MF,FW",24.0,,8,663.0,7.4,2.0,0.0,2.0,2.0,0.0,0.0,0.0,1.0,2.8,2.8,0.8,3.6,37.0,20.0,66.0,0.27,0.0,0.27,0.27,0.27,0.38,0.11,0.49,0.38,0.49,Matches,West-Ham-United,8.0
Konstantinos Mavropanos,gr GRE,DF,26.0,,7,684.0,7.6,0.0,0.0,0.0,0.0,0.0,0.0,1.0,0.0,0.2,0.2,0.0,0.2,7.0,20.0,2.0,0.0,0.0,0.0,0.0,0.0,0.03,0.0,0.03,0.03,0.03,Matches,West-Ham-United,10.0
Jean-Clair Todibo,fr FRA,DF,24.0,,6,559.0,6.2,0.0,0.0,0.0,0.0,0.0,0.0,0.0,0.0,0.1,0.1,0.0,0.1,2.0,7.0,1.0,0.0,0.0,0.0,0.0,0.0,0.02,0.01,0.02,0.02,0.02,Matches,West-Ham-United,9.0
Edson Alvarez,mx MEX,"MF,DF",27.0,,5,408.0,4.5,0.0,0.0,0.0,0.0,0.0,0.0,4.0,1.0,0.1,0.1,0.1,0.2,4.0,17.0,3.0,0.0,0.0,0.0,0.0,0.0,0.01,0.03,0.04,0.01,0.04,Matches,West-Ham-United,8.0
Crysencio Summerville,nl NED,"FW,MF",23.0,,4,429.0,4.8,1.0,0.0,1.0,1.0,0.0,0.0,1.0,0.0,0.9,0.9,0.6,1.5,15.0,10.0,34.0,0.21,0.0,0.21,0.21,0.21,0.19,0.12,0.31,0.19,0.31,Matches,West-Ham-United,11.0
Łukasz Fabianski,pl POL,GK,39.0,,4,405.0,4.5,0.0,0.0,0.0,0.0,0.0,0.0,0.0,0.0,0.0,0.0,0.0,0.0,0.0,0.0,0.0,0.0,0.0,0.0,0.0,0.0,0.0,0.0,0.0,0.0,0.0,Matches,West-Ham-United,5.0
Carlos Soler,es ESP,"MF,FW",27.0,,2,351.0,3.9,0.0,0.0,0.0,0.0,0.0,0.0,3.0,0.0,0.3,0.3,0.1,0.5,6.0,14.0,8.0,0.0,0.0,0.0,0.0,0.0,0.09,0.03,0.12,0.09,0.12,Matches,West-Ham-United,9.0
Vladimir Coufal,cz CZE,DF,32.0,,2,240.0,2.7,0.0,0.0,0.0,0.0,0.0,0.0,1.0,0.0,0.0,0.0,0.2,0.2,4.0,9.0,7.0,0.0,0.0,0.0,0.0,0.0,0.01,0.08,0.09,0.01,0.09,Matches,West-Ham-United,6.0
Danny Ings,eng ENG,"FW,MF",32.0,,0,91.0,1.0,1.0,1.0,2.0,1.0,0.0,0.0,0.0,0.0,1.2,1.2,0.6,1.8,4.0,1.0,10.0,0.99,0.99,1.98,0.99,1.98,1.14,0.6,1.74,1.14,1.74,Matches,West-Ham-United,6.0
Niclas Fullkrug,de GER,FW,31.0,,0,66.0,0.7,0.0,0.0,0.0,0.0,0.0,0.0,0.0,0.0,0.3,0.3,0.0,0.3,2.0,0.0,3.0,0.0,0.0,0.0,0.0,0.0,0.35,0.0,0.35,0.35,0.35,Matches,West-Ham-United,3.0
Andy Irving,sct SCO,MF,24.0,,0,38.0,0.4,0.0,0.0,0.0,0.0,0.0,0.0,1.0,0.0,0.0,0.0,0.0,0.0,0.0,3.0,0.0,0.0,0.0,0.0,0.0,0.0,0.08,0.0,0.08,0.08,0.08,Matches,West-Ham-United,4.0
Aaron Cresswell,eng ENG,DF,34.0,,0,29.0,0.3,0.0,0.0,0.0,0.0,0.0,0.0,1.0,0.0,0.0,0.0,0.0,0.1,1.0,3.0,1.0,0.0,0.0,0.0,0.0,0.0,0.11,0.11,0.22,0.11,0.22,Matches,West-Ham-United,4.0
James Ward-Prowse,eng ENG,MF,30.0,,0,18.0,0.2,0.0,0.0,0.0,0.0,0.0,0.0,0.0,0.0,0.0,0.0,0.0,0.0,1.0,4.0,0.0,0.0,0.0,0.0,0.0,0.0,0.0,0.0,0.0,0.0,0.0,Matches,West-Ham-United,1.0
Luis Guilherme,br BRA,MF,18.0,,0,13.0,0.1,0.0,0.0,0.0,0.0,0.0,0.0,0.0,0.0,0.0,0.0,0.0,0.0,0.0,0.0,1.0,0.0,0.0,0.0,0.0,0.0,0.0,0.0,0.0,0.0,0.0,Matches,West-Ham-United,2.0
Kaelan Casey,eng ENG,DF,20.0,,0,,,,,,,,,,,,,,,,,,,,,,,,,,,,Matches,West-Ham-United,0.0
Wes Foderingham,eng ENG,GK,33.0,,0,,,,,,,,,,,,,,,,,,,,,,,,,,,,Matches,West-Ham-United,0.0
Oliver Scarles,eng ENG,MF,18.0,,0,,,,,,,,,,,,,,,,,,,,,,,,,,,,Matches,West-Ham-United,0.0
Squad Total,,,28.8,,132,1080.0,12.0,14.0,7.0,21.0,12.0,2.0,2.0,29.0,2.0,15.9,14.4,10.4,24.8,225.0,393.0,391.0,1.17,0.58,1.75,1.0,1.58,1.33,0.86,2.19,1.2,2.06,,West-Ham-United,11.0
Opponent Total,,,26.7,,132,1080.0,12.0,18.0,16.0,34.0,18.0,0.0,0.0,18.0,0.0,20.1,20.1,17.3,37.4,259.0,520.0,516.0,1.5,1.33,2.83,1.5,2.83,1.67,1.44,3.12,1.67,3.12,,West-Ham-United,11.0
Jordan Pickford,eng ENG,GK,30.0,12.0,12,1080.0,12.0,0.0,0.0,0.0,0.0,0.0,0.0,1.0,0.0,0.0,0.0,0.0,0.0,0.0,0.0,0.0,0.0,0.0,0.0,0.0,0.0,0.0,0.0,0.0,0.0,0.0,Matches,Everton,
James Tarkowski,eng ENG,DF,32.0,12.0,12,1080.0,12.0,0.0,0.0,0.0,0.0,0.0,0.0,3.0,0.0,0.7,0.7,1.3,2.0,2.0,25.0,2.0,0.0,0.0,0.0,0.0,0.0,0.06,0.11,0.17,0.06,0.17,Matches,Everton,
Dominic Calvert-Lewin,eng ENG,FW,27.0,12.0,12,988.0,11.0,2.0,1.0,3.0,2.0,0.0,0.0,1.0,0.0,3.9,3.9,0.4,4.3,15.0,11.0,70.0,0.18,0.09,0.27,0.18,0.27,0.36,0.03,0.39,0.36,0.39,Matches,Everton,
Dwight McNeil,eng ENG,"MF,FW",25.0,11.0,11,977.0,10.9,3.0,3.0,6.0,3.0,0.0,0.0,1.0,0.0,0.8,0.8,3.1,3.9,26.0,52.0,54.0,0.28,0.28,0.55,0.28,0.55,0.08,0.28,0.36,0.08,0.36,Matches,Everton,
Iliman Ndiaye,sn SEN,FW,24.0,12.0,10,896.0,10.0,2.0,0.0,2.0,2.0,0.0,0.0,1.0,0.0,1.0,1.0,0.6,1.7,41.0,21.0,54.0,0.2,0.0,0.2,0.2,0.2,0.11,0.06,0.17,0.11,0.17,Matches,Everton,
Ashley Young,eng ENG,DF,39.0,10.0,10,875.0,9.7,0.0,3.0,3.0,0.0,0.0,0.0,2.0,1.0,0.1,0.1,1.1,1.3,13.0,65.0,9.0,0.0,0.31,0.31,0.0,0.31,0.01,0.12,0.13,0.01,0.13,Matches,Everton,
Vitaliy Mykolenko,ua UKR,DF,25.0,10.0,10,835.0,9.3,0.0,0.0,0.0,0.0,0.0,0.0,0.0,0.0,0.3,0.3,0.3,0.5,9.0,33.0,27.0,0.0,0.0,0.0,0.0,0.0,0.03,0.03,0.06,0.03,0.06,Matches,Everton,
Idrissa Gana Gueye,sn SEN,MF,35.0,11.0,9,824.0,9.2,0.0,0.0,0.0,0.0,0.0,0.0,1.0,0.0,0.7,0.7,0.6,1.3,12.0,50.0,8.0,0.0,0.0,0.0,0.0,0.0,0.08,0.06,0.14,0.08,0.14,Matches,Everton,
Michael Keane,eng ENG,DF,31.0,9.0,9,810.0,9.0,2.0,0.0,2.0,2.0,0.0,0.0,4.0,0.0,0.4,0.4,0.1,0.5,1.0,12.0,3.0,0.22,0.0,0.22,0.22,0.22,0.05,0.01,0.06,0.05,0.06,Matches,Everton,
Abdoulaye Doucoure,ml MLI,MF,31.0,10.0,9,721.0,8.0,0.0,0.0,0.0,0.0,0.0,0.0,0.0,0.0,0.5,0.5,0.4,0.8,8.0,26.0,20.0,0.0,0.0,0.0,0.0,0.0,0.06,0.05,0.11,0.06,0.11,Matches,Everton,
Jack Harrison,eng ENG,FW,28.0,11.0,7,626.0,7.0,0.0,0.0,0.0,0.0,0.0,0.0,0.0,0.0,1.2,1.2,1.5,2.7,17.0,13.0,48.0,0.0,0.0,0.0,0.0,0.0,0.17,0.22,0.39,0.17,0.39,Matches,Everton,
Orel Mangala,be BEL,MF,26.0,9.0,5,474.0,5.3,0.0,0.0,0.0,0.0,0.0,0.0,0.0,0.0,0.3,0.3,0.4,0.7,3.0,19.0,7.0,0.0,0.0,0.0,0.0,0.0,0.06,0.08,0.14,0.06,0.14,Matches,Everton,
Jesper Lindstrøm,dk DEN,FW,24.0,8.0,5,420.0,4.7,0.0,0.0,0.0,0.0,0.0,0.0,0.0,0.0,1.1,1.1,0.8,2.0,14.0,7.0,33.0,0.0,0.0,0.0,0.0,0.0,0.24,0.18,0.42,0.24,0.42,Matches,Everton,
Tim Iroegbunam,eng ENG,MF,21.0,6.0,4,383.0,4.3,0.0,0.0,0.0,0.0,0.0,0.0,2.0,0.0,0.2,0.2,0.1,0.3,5.0,10.0,7.0,0.0,0.0,0.0,0.0,0.0,0.05,0.02,0.07,0.05,0.07,Matches,Everton,
Jarrad Branthwaite,eng ENG,DF,22.0,5.0,3,278.0,3.1,0.0,0.0,0.0,0.0,0.0,0.0,0.0,0.0,0.0,0.0,0.0,0.0,2.0,5.0,1.0,0.0,0.0,0.0,0.0,0.0,0.01,0.0,0.01,0.01,0.01,Matches,Everton,
James Garner,eng ENG,"DF,MF",23.0,4.0,2,253.0,2.8,0.0,0.0,0.0,0.0,0.0,0.0,1.0,0.0,0.0,0.0,0.0,0.1,1.0,3.0,4.0,0.0,0.0,0.0,0.0,0.0,0.02,0.01,0.02,0.02,0.02,Matches,Everton,
Seamus Coleman,ie IRL,DF,36.0,1.0,1,90.0,1.0,0.0,0.0,0.0,0.0,0.0,0.0,0.0,0.0,0.6,0.6,0.0,0.6,0.0,6.0,2.0,0.0,0.0,0.0,0.0,0.0,0.57,0.0,0.57,0.57,0.57,Matches,Everton,
Roman Dixon,eng ENG,DF,19.0,1.0,1,90.0,1.0,0.0,0.0,0.0,0.0,0.0,0.0,0.0,0.0,0.0,0.0,0.0,0.0,0.0,0.0,1.0,0.0,0.0,0.0,0.0,0.0,0.0,0.0,0.0,0.0,0.0,Matches,Everton,
Beto,gw GNB,"FW,MF",26.0,8.0,0,121.0,1.3,1.0,0.0,1.0,1.0,0.0,0.0,0.0,0.0,1.5,1.5,0.0,1.5,3.0,1.0,8.0,0.74,0.0,0.74,0.74,0.74,1.09,0.0,1.09,1.09,1.09,Matches,Everton,
Jake O'Brien,ie IRL,DF,23.0,1.0,0,27.0,0.3,0.0,0.0,0.0,0.0,0.0,0.0,1.0,0.0,0.0,0.0,0.0,0.0,0.0,1.0,0.0,0.0,0.0,0.0,0.0,0.0,0.0,0.0,0.0,0.0,0.0,Matches,Everton,
Mason Holgate,eng ENG,"FW,DF",28.0,1.0,0,6.0,0.1,0.0,0.0,0.0,0.0,0.0,0.0,0.0,0.0,0.0,0.0,0.0,0.0,0.0,0.0,0.0,0.0,0.0,0.0,0.0,0.0,0.0,0.0,0.0,0.0,0.0,Matches,Everton,
Harrison Armstrong,eng ENG,MF,17.0,1.0,0,1.0,0.0,0.0,0.0,0.0,0.0,0.0,0.0,0.0,0.0,0.0,0.0,0.0,0.0,0.0,0.0,0.0,0.0,0.0,0.0,0.0,0.0,0.0,0.0,0.0,0.0,0.0,Matches,Everton,
Callum Bates,eng ENG,MF,19.0,0.0,0,,,,,,,,,,,,,,,,,,,,,,,,,,,,Matches,Everton,
Asmir Begovic,ba BIH,GK,37.0,0.0,0,,,,,,,,,,,,,,,,,,,,,,,,,,,,Matches,Everton,
Neal Maupay,fr FRA,"FW,MF",28.0,0.0,0,,,,,,,,,,,,,,,,,,,,,,,,,,,,Matches,Everton,
Jenson Metcalfe,eng ENG,MF,20.0,0.0,0,,,,,,,,,,,,,,,,,,,,,,,,,,,,Matches,Everton,
Nathan Patterson,sct SCO,DF,23.0,0.0,0,,,,,,,,,,,,,,,,,,,,,,,,,,,,Matches,Everton,
Joao Virginia,pt POR,GK,25.0,0.0,0,,,,,,,,,,,,,,,,,,,,,,,,,,,,Matches,Everton,
Squad Total,,,29.1,12.0,132,1080.0,12.0,10.0,7.0,17.0,10.0,0.0,0.0,18.0,1.0,13.1,13.1,10.5,23.6,172.0,360.0,358.0,0.83,0.58,1.42,0.83,1.42,1.09,0.87,1.97,1.09,1.97,,Everton,
Opponent Total,,,27.1,12.0,132,1080.0,12.0,17.0,14.0,31.0,17.0,0.0,1.0,12.0,1.0,17.1,16.3,13.7,29.9,212.0,510.0,506.0,1.42,1.17,2.58,1.42,2.58,1.42,1.14,2.56,1.36,2.5,,Everton,
Wout Faes,be BEL,DF,26.0,,12,1080.0,12.0,1.0,0.0,1.0,1.0,0.0,0.0,2.0,0.0,0.9,0.9,0.0,1.0,4.0,43.0,1.0,0.08,0.0,0.08,0.08,0.08,0.08,0.0,0.08,0.08,0.08,Matches,Leicester-City,12.0
Mads Hermansen,dk DEN,GK,24.0,,12,1080.0,12.0,0.0,0.0,0.0,0.0,0.0,0.0,0.0,0.0,0.0,0.0,0.0,0.0,0.0,0.0,0.0,0.0,0.0,0.0,0.0,0.0,0.0,0.0,0.0,0.0,0.0,Matches,Leicester-City,12.0
Wilfred Ndidi,ng NGA,MF,27.0,,12,984.0,10.9,0.0,4.0,4.0,0.0,0.0,0.0,4.0,0.0,1.1,1.1,1.4,2.4,9.0,35.0,48.0,0.0,0.37,0.37,0.0,0.37,0.1,0.12,0.22,0.1,0.22,Matches,Leicester-City,12.0
James Justin,eng ENG,DF,26.0,,11,982.0,10.9,2.0,1.0,3.0,2.0,0.0,0.0,1.0,0.0,0.4,0.4,0.3,0.7,12.0,27.0,25.0,0.18,0.09,0.27,0.18,0.27,0.04,0.03,0.06,0.04,0.06,Matches,Leicester-City,11.0
Victor Bernth Kristiansen,dk DEN,DF,21.0,,11,947.0,10.5,0.0,0.0,0.0,0.0,0.0,0.0,1.0,0.0,0.0,0.0,0.6,0.6,14.0,28.0,26.0,0.0,0.0,0.0,0.0,0.0,0.0,0.06,0.06,0.0,0.06,Matches,Leicester-City,11.0
Jamie Vardy,eng ENG,FW,37.0,,11,921.0,10.2,4.0,1.0,5.0,3.0,1.0,1.0,3.0,0.0,3.5,2.7,0.6,3.4,8.0,9.0,37.0,0.39,0.1,0.49,0.29,0.39,0.34,0.06,0.41,0.27,0.33,Matches,Leicester-City,11.0
Harry Winks,eng ENG,MF,28.0,,10,865.0,9.6,0.0,2.0,2.0,0.0,0.0,0.0,3.0,0.0,0.2,0.2,1.0,1.2,12.0,59.0,8.0,0.0,0.21,0.21,0.0,0.21,0.02,0.11,0.12,0.02,0.12,Matches,Leicester-City,11.0
Facundo Buonanotte,ar ARG,"MF,FW",19.0,,8,731.0,8.1,3.0,2.0,5.0,3.0,0.0,0.0,5.0,0.0,2.4,2.4,2.2,4.6,21.0,28.0,40.0,0.37,0.25,0.62,0.37,0.62,0.29,0.27,0.57,0.29,0.57,Matches,Leicester-City,10.0
Caleb Okoli,it ITA,DF,23.0,,8,718.0,8.0,0.0,0.0,0.0,0.0,0.0,0.0,1.0,0.0,0.1,0.1,0.0,0.1,3.0,21.0,1.0,0.0,0.0,0.0,0.0,0.0,0.02,0.0,0.02,0.02,0.02,Matches,Leicester-City,8.0
Stephy Mavididi,eng ENG,FW,26.0,,7,629.0,7.0,2.0,0.0,2.0,2.0,0.0,0.0,2.0,0.0,1.0,1.0,0.8,1.7,30.0,28.0,52.0,0.29,0.0,0.29,0.29,0.29,0.14,0.11,0.25,0.14,0.25,Matches,Leicester-City,11.0
Abdul Fatawu Issahaku,gh GHA,FW,20.0,,6,579.0,6.4,0.0,2.0,2.0,0.0,0.0,0.0,0.0,0.0,0.4,0.4,1.6,2.0,42.0,17.0,60.0,0.0,0.31,0.31,0.0,0.31,0.06,0.24,0.31,0.06,0.31,Matches,Leicester-City,11.0
Jordan Ayew,gh GHA,"FW,MF",33.0,,5,517.0,5.7,3.0,0.0,3.0,2.0,1.0,1.0,3.0,0.0,2.0,1.2,0.1,1.3,8.0,11.0,26.0,0.52,0.0,0.52,0.35,0.35,0.35,0.02,0.36,0.21,0.23,Matches,Leicester-City,11.0
Oliver Skipp,eng ENG,MF,24.0,,5,481.0,5.3,0.0,0.0,0.0,0.0,0.0,0.0,3.0,0.0,0.0,0.0,0.1,0.2,8.0,16.0,4.0,0.0,0.0,0.0,0.0,0.0,0.01,0.03,0.03,0.01,0.03,Matches,Leicester-City,7.0
Jannik Vestergaard,dk DEN,DF,32.0,,4,360.0,4.0,0.0,0.0,0.0,0.0,0.0,0.0,1.0,0.0,0.0,0.0,0.0,0.0,1.0,10.0,1.0,0.0,0.0,0.0,0.0,0.0,0.0,0.0,0.01,0.0,0.01,Matches,Leicester-City,4.0
Bilal El Khannouss,ma MAR,MF,20.0,,3,280.0,3.1,0.0,0.0,0.0,0.0,0.0,0.0,0.0,0.0,0.1,0.1,0.6,0.7,9.0,18.0,13.0,0.0,0.0,0.0,0.0,0.0,0.03,0.18,0.21,0.03,0.21,Matches,Leicester-City,8.0
Boubakary Soumare,fr FRA,MF,25.0,,2,232.0,2.6,0.0,0.0,0.0,0.0,0.0,0.0,3.0,0.0,0.0,0.0,0.0,0.1,2.0,11.0,2.0,0.0,0.0,0.0,0.0,0.0,0.02,0.0,0.02,0.02,0.02,Matches,Leicester-City,6.0
Bobby Reid,jm JAM,"FW,MF",31.0,,2,174.0,1.9,0.0,0.0,0.0,0.0,0.0,0.0,0.0,0.0,0.1,0.1,0.1,0.2,6.0,3.0,10.0,0.0,0.0,0.0,0.0,0.0,0.05,0.06,0.12,0.05,0.12,Matches,Leicester-City,7.0
Ricardo Pereira,pt POR,DF,31.0,,2,146.0,1.6,0.0,0.0,0.0,0.0,0.0,0.0,1.0,0.0,0.0,0.0,0.0,0.0,1.0,5.0,3.0,0.0,0.0,0.0,0.0,0.0,0.0,0.0,0.0,0.0,0.0,Matches,Leicester-City,2.0
Kasey McAteer,ie IRL,"MF,FW",23.0,,1,110.0,1.2,0.0,0.0,0.0,0.0,0.0,0.0,0.0,0.0,0.1,0.1,0.0,0.1,3.0,1.0,10.0,0.0,0.0,0.0,0.0,0.0,0.07,0.0,0.07,0.07,0.07,Matches,Leicester-City,6.0
Odsonne Edouard,fr FRA,FW,26.0,,0,29.0,0.3,0.0,0.0,0.0,0.0,0.0,0.0,0.0,0.0,0.0,0.0,0.0,0.0,0.0,1.0,2.0,0.0,0.0,0.0,0.0,0.0,0.0,0.13,0.13,0.0,0.13,Matches,Leicester-City,4.0
Hamza Choudhury,eng ENG,MF,27.0,,0,15.0,0.2,0.0,0.0,0.0,0.0,0.0,0.0,0.0,0.0,0.0,0.0,0.0,0.0,0.0,0.0,0.0,0.0,0.0,0.0,0.0,0.0,0.0,0.0,0.0,0.0,0.0,Matches,Leicester-City,1.0
Patson Daka,zm ZAM,FW,26.0,,0,12.0,0.1,0.0,0.0,0.0,0.0,0.0,0.0,0.0,0.0,0.1,0.1,0.0,0.1,0.0,0.0,0.0,0.0,0.0,0.0,0.0,0.0,0.38,0.0,0.38,0.38,0.38,Matches,Leicester-City,1.0
Conor Coady,eng ENG,DF,31.0,,0,8.0,0.1,0.0,0.0,0.0,0.0,0.0,0.0,1.0,0.0,0.0,0.0,0.0,0.0,0.0,0.0,0.0,0.0,0.0,0.0,0.0,0.0,0.0,0.0,0.0,0.0,0.0,Matches,Leicester-City,1.0
Thomas Cannon,ie IRL,FW,21.0,,0,,,,,,,,,,,,,,,,,,,,,,,,,,,,Matches,Leicester-City,0.0
Daniel Iversen,dk DEN,GK,27.0,,0,,,,,,,,,,,,,,,,,,,,,,,,,,,,Matches,Leicester-City,0.0
Benjamin Nelson,eng ENG,DF,20.0,,0,,,,,,,,,,,,,,,,,,,,,,,,,,,,Matches,Leicester-City,0.0
Luke Thomas,eng ENG,"DF,MF",23.0,,0,,,,,,,,,,,,,,,,,,,,,,,,,,,,Matches,Leicester-City,0.0
Danny Ward,wls WAL,GK,31.0,,0,,,,,,,,,,,,,,,,,,,,,,,,,,,,Matches,Leicester-City,0.0
Squad Total,,,26.6,,132,1080.0,12.0,15.0,12.0,27.0,13.0,2.0,2.0,34.0,0.0,12.2,10.7,9.5,20.2,193.0,371.0,369.0,1.25,1.0,2.25,1.08,2.08,1.01,0.79,1.81,0.89,1.69,,Leicester-City,12.0
Opponent Total,,,26.5,,132,1080.0,12.0,21.0,15.0,36.0,20.0,1.0,1.0,30.0,2.0,22.8,22.0,15.5,37.4,237.0,577.0,568.0,1.75,1.25,3.0,1.67,2.92,1.9,1.29,3.19,1.83,3.12,,Leicester-City,12.0
Joao Gomes,br BRA,MF,23.0,,12,1016.0,11.3,2.0,1.0,3.0,2.0,0.0,0.0,4.0,0.0,0.7,0.7,0.2,0.9,22.0,46.0,21.0,0.18,0.09,0.27,0.18,0.27,0.06,0.02,0.08,0.06,0.08,Matches,Wolverhampton-Wanderers,12.0
Rayan Ait-Nouri,dz ALG,DF,23.0,,12,1012.0,11.2,3.0,2.0,5.0,3.0,0.0,0.0,4.0,0.0,1.2,1.2,1.0,2.2,19.0,35.0,44.0,0.27,0.18,0.44,0.27,0.44,0.11,0.09,0.2,0.11,0.2,Matches,Wolverhampton-Wanderers,12.0
Jørgen Strand Larsen,no NOR,FW,24.0,,12,984.0,10.9,4.0,2.0,6.0,4.0,0.0,0.0,1.0,0.0,2.7,2.7,1.2,3.9,5.0,8.0,28.0,0.37,0.18,0.55,0.37,0.55,0.25,0.11,0.35,0.25,0.35,Matches,Wolverhampton-Wanderers,12.0
Matheus Cunha,br BRA,"MF,FW",25.0,,11,975.0,10.8,7.0,3.0,10.0,7.0,0.0,0.0,1.0,0.0,3.1,3.1,3.9,7.0,38.0,42.0,60.0,0.65,0.28,0.92,0.65,0.92,0.29,0.36,0.65,0.29,0.65,Matches,Wolverhampton-Wanderers,12.0
Mario Lemina,ga GAB,"MF,DF",31.0,,11,972.0,10.8,1.0,3.0,4.0,1.0,0.0,0.0,2.0,0.0,1.1,1.1,0.9,2.0,4.0,33.0,15.0,0.09,0.28,0.37,0.09,0.37,0.1,0.09,0.19,0.1,0.19,Matches,Wolverhampton-Wanderers,12.0
Nelson Semedo,pt POR,DF,31.0,,10,869.0,9.7,0.0,2.0,2.0,0.0,0.0,0.0,4.0,0.0,0.3,0.3,1.2,1.5,15.0,24.0,24.0,0.0,0.21,0.21,0.0,0.21,0.03,0.13,0.16,0.03,0.16,Matches,Wolverhampton-Wanderers,10.0
Toti Gomes,pt POR,DF,25.0,,10,827.0,9.2,0.0,1.0,1.0,0.0,0.0,0.0,4.0,0.0,0.0,0.0,0.5,0.5,5.0,18.0,3.0,0.0,0.11,0.11,0.0,0.11,0.0,0.06,0.06,0.0,0.06,Matches,Wolverhampton-Wanderers,10.0
Craig Dawson,eng ENG,DF,34.0,,8,751.0,8.3,0.0,0.0,0.0,0.0,0.0,0.0,1.0,0.0,0.5,0.5,0.0,0.5,5.0,16.0,5.0,0.0,0.0,0.0,0.0,0.0,0.05,0.01,0.06,0.05,0.06,Matches,Wolverhampton-Wanderers,10.0
Jose Sa,pt POR,GK,31.0,,7,630.0,7.0,0.0,0.0,0.0,0.0,0.0,0.0,0.0,0.0,0.0,0.0,0.1,0.1,0.0,0.0,0.0,0.0,0.0,0.0,0.0,0.0,0.0,0.01,0.01,0.0,0.01,Matches,Wolverhampton-Wanderers,7.0
Jean-Ricner Bellegarde,fr FRA,"MF,FW",26.0,,7,562.0,6.2,1.0,1.0,2.0,1.0,0.0,0.0,2.0,0.0,0.3,0.3,0.3,0.6,14.0,10.0,27.0,0.16,0.16,0.32,0.16,0.32,0.05,0.05,0.1,0.05,0.1,Matches,Wolverhampton-Wanderers,11.0
Andre,br BRA,MF,23.0,,6,453.0,5.0,0.0,0.0,0.0,0.0,0.0,0.0,2.0,0.0,0.1,0.1,0.1,0.2,1.0,13.0,2.0,0.0,0.0,0.0,0.0,0.0,0.01,0.03,0.04,0.01,0.04,Matches,Wolverhampton-Wanderers,8.0
Sam Johnstone,eng ENG,GK,31.0,,5,450.0,5.0,0.0,0.0,0.0,0.0,0.0,0.0,0.0,0.0,0.0,0.0,0.0,0.0,0.0,0.0,0.0,0.0,0.0,0.0,0.0,0.0,0.0,0.01,0.01,0.0,0.01,Matches,Wolverhampton-Wanderers,5.0
Santiago Bueno,uy URU,DF,26.0,,5,445.0,4.9,0.0,0.0,0.0,0.0,0.0,0.0,0.0,0.0,0.2,0.2,0.0,0.2,0.0,7.0,1.0,0.0,0.0,0.0,0.0,0.0,0.04,0.0,0.04,0.04,0.04,Matches,Wolverhampton-Wanderers,6.0
Yerson Mosquera,co COL,DF,23.0,,5,441.0,4.9,0.0,0.0,0.0,0.0,0.0,0.0,2.0,0.0,0.3,0.3,0.1,0.4,0.0,7.0,0.0,0.0,0.0,0.0,0.0,0.0,0.07,0.02,0.09,0.07,0.09,Matches,Wolverhampton-Wanderers,5.0
Tommy Doyle,eng ENG,MF,23.0,,2,267.0,3.0,0.0,1.0,1.0,0.0,0.0,0.0,0.0,0.0,0.3,0.3,0.1,0.4,3.0,22.0,2.0,0.0,0.34,0.34,0.0,0.34,0.1,0.03,0.13,0.1,0.13,Matches,Wolverhampton-Wanderers,9.0
Hwang Hee-chan,kr KOR,"FW,MF",28.0,,2,257.0,2.9,0.0,0.0,0.0,0.0,0.0,0.0,0.0,0.0,0.0,0.0,0.1,0.1,5.0,3.0,7.0,0.0,0.0,0.0,0.0,0.0,0.0,0.04,0.04,0.0,0.04,Matches,Wolverhampton-Wanderers,7.0
Matt Doherty,ie IRL,DF,32.0,,2,215.0,2.4,0.0,0.0,0.0,0.0,0.0,0.0,0.0,0.0,0.1,0.1,0.1,0.2,1.0,6.0,8.0,0.0,0.0,0.0,0.0,0.0,0.03,0.06,0.09,0.03,0.09,Matches,Wolverhampton-Wanderers,6.0
Rodrigo Gomes,pt POR,"FW,DF",21.0,,2,208.0,2.3,0.0,0.0,0.0,0.0,0.0,0.0,0.0,0.0,0.1,0.1,0.1,0.2,9.0,4.0,21.0,0.0,0.0,0.0,0.0,0.0,0.03,0.05,0.07,0.03,0.07,Matches,Wolverhampton-Wanderers,6.0
Pablo Sarabia,es ESP,"MF,FW",32.0,,2,181.0,2.0,1.0,0.0,1.0,1.0,0.0,0.0,1.0,0.0,1.4,1.4,0.4,1.9,4.0,12.0,13.0,0.5,0.0,0.5,0.5,0.5,0.71,0.22,0.93,0.71,0.93,Matches,Wolverhampton-Wanderers,5.0
Carlos Forbs,pt POR,"MF,FW",20.0,,1,179.0,2.0,0.0,0.0,0.0,0.0,0.0,0.0,2.0,0.0,0.1,0.1,0.0,0.1,8.0,7.0,21.0,0.0,0.0,0.0,0.0,0.0,0.05,0.02,0.07,0.05,0.07,Matches,Wolverhampton-Wanderers,5.0
Goncalo Guedes,pt POR,"FW,MF",28.0,,0,130.0,1.4,1.0,1.0,2.0,1.0,0.0,0.0,1.0,0.0,0.4,0.4,0.3,0.7,3.0,5.0,13.0,0.69,0.69,1.38,0.69,1.38,0.25,0.22,0.47,0.25,0.47,Matches,Wolverhampton-Wanderers,9.0
Daniel Podence,pt POR,"MF,FW",29.0,,0,48.0,0.5,0.0,0.0,0.0,0.0,0.0,0.0,0.0,0.0,0.0,0.0,0.0,0.0,1.0,2.0,3.0,0.0,0.0,0.0,0.0,0.0,0.07,0.0,0.07,0.07,0.07,Matches,Wolverhampton-Wanderers,2.0
Chiquinho,pt POR,MF,24.0,,0,7.0,0.1,0.0,0.0,0.0,0.0,0.0,0.0,0.0,0.0,0.0,0.0,0.0,0.0,0.0,0.0,0.0,0.0,0.0,0.0,0.0,0.0,0.0,0.42,0.42,0.0,0.42,Matches,Wolverhampton-Wanderers,1.0
Alfie Pond,eng ENG,DF,20.0,,0,1.0,0.0,0.0,0.0,0.0,0.0,0.0,0.0,0.0,0.0,0.0,0.0,0.0,0.0,0.0,0.0,0.0,0.0,0.0,0.0,0.0,0.0,0.0,0.0,0.0,0.0,0.0,Matches,Wolverhampton-Wanderers,1.0
Daniel Bentley,eng ENG,GK,31.0,,0,,,,,,,,,,,,,,,,,,,,,,,,,,,,Matches,Wolverhampton-Wanderers,0.0
Luke Cundle,eng ENG,MF,22.0,,0,,,,,,,,,,,,,,,,,,,,,,,,,,,,Matches,Wolverhampton-Wanderers,0.0
Tom Edozie,eng ENG,MF,18.0,,0,,,,,,,,,,,,,,,,,,,,,,,,,,,,Matches,Wolverhampton-Wanderers,0.0
Pedro Lima,br BRA,DF,18.0,,0,,,,,,,,,,,,,,,,,,,,,,,,,,,,Matches,Wolverhampton-Wanderers,0.0
Boubacar Traore,ml MLI,MF,23.0,,0,,,,,,,,,,,,,,,,,,,,,,,,,,,,Matches,Wolverhampton-Wanderers,0.0
Squad Total,,,27.2,,132,1080.0,12.0,20.0,17.0,37.0,20.0,0.0,0.0,31.0,0.0,12.8,12.8,11.0,23.8,162.0,320.0,318.0,1.67,1.42,3.08,1.67,3.08,1.07,0.91,1.98,1.07,1.98,,Wolverhampton-Wanderers,12.0
Opponent Total,,,26.6,,132,1080.0,12.0,28.0,23.0,51.0,26.0,2.0,2.0,32.0,0.0,20.8,19.2,15.9,35.1,299.0,591.0,588.0,2.33,1.92,4.25,2.17,4.08,1.73,1.32,3.05,1.6,2.92,,Wolverhampton-Wanderers,12.0
Leif Davis,eng ENG,DF,24.0,,12,1080.0,12.0,1.0,2.0,3.0,1.0,0.0,0.0,2.0,0.0,0.6,0.6,2.4,3.0,20.0,25.0,47.0,0.08,0.17,0.25,0.08,0.25,0.05,0.2,0.25,0.05,0.25,Matches,Ipswich-Town,12.0
Arijanet Muric,xk KVX,GK,26.0,,11,990.0,11.0,0.0,0.0,0.0,0.0,0.0,0.0,1.0,0.0,0.0,0.0,0.0,0.0,0.0,1.0,0.0,0.0,0.0,0.0,0.0,0.0,0.0,0.0,0.0,0.0,0.0,Matches,Ipswich-Town,11.0
Sam Morsy,eg EGY,MF,33.0,,11,983.0,10.9,1.0,1.0,2.0,1.0,0.0,0.0,4.0,0.0,0.2,0.2,0.4,0.6,5.0,47.0,5.0,0.09,0.09,0.18,0.09,0.18,0.02,0.03,0.05,0.02,0.05,Matches,Ipswich-Town,11.0
Omari Hutchinson,eng ENG,"MF,FW",21.0,,11,964.0,10.7,1.0,1.0,2.0,1.0,0.0,0.0,4.0,0.0,0.8,0.8,1.4,2.2,30.0,32.0,57.0,0.09,0.09,0.19,0.09,0.19,0.08,0.13,0.2,0.08,0.2,Matches,Ipswich-Town,11.0
Liam Delap,eng ENG,FW,21.0,,11,855.0,9.5,6.0,1.0,7.0,6.0,0.0,0.0,3.0,0.0,3.4,3.4,0.6,4.0,20.0,11.0,36.0,0.63,0.11,0.74,0.63,0.74,0.36,0.07,0.43,0.36,0.43,Matches,Ipswich-Town,12.0
Dara O'Shea,ie IRL,DF,25.0,,9,782.0,8.7,0.0,0.0,0.0,0.0,0.0,0.0,1.0,0.0,0.5,0.5,0.0,0.5,1.0,23.0,0.0,0.0,0.0,0.0,0.0,0.0,0.06,0.0,0.06,0.06,0.06,Matches,Ipswich-Town,9.0
Axel Tuanzebe,cd COD,DF,27.0,,8,692.0,7.7,0.0,0.0,0.0,0.0,0.0,0.0,2.0,0.0,0.2,0.2,0.2,0.4,4.0,19.0,3.0,0.0,0.0,0.0,0.0,0.0,0.02,0.03,0.06,0.02,0.06,Matches,Ipswich-Town,8.0
Sammie Szmodics,ie IRL,"FW,MF",29.0,,8,603.0,6.7,3.0,0.0,3.0,3.0,0.0,0.0,1.0,0.0,2.6,2.6,0.1,2.7,8.0,12.0,34.0,0.45,0.0,0.45,0.45,0.45,0.39,0.02,0.41,0.39,0.41,Matches,Ipswich-Town,12.0
Jacob Greaves,eng ENG,DF,24.0,,7,630.0,7.0,0.0,0.0,0.0,0.0,0.0,0.0,1.0,0.0,0.4,0.4,0.0,0.4,1.0,14.0,2.0,0.0,0.0,0.0,0.0,0.0,0.06,0.0,0.06,0.06,0.06,Matches,Ipswich-Town,7.0
Kalvin Phillips,eng ENG,MF,28.0,,7,537.0,6.0,0.0,0.0,0.0,0.0,0.0,0.0,3.0,1.0,0.3,0.3,0.1,0.4,4.0,27.0,1.0,0.0,0.0,0.0,0.0,0.0,0.05,0.02,0.07,0.05,0.07,Matches,Ipswich-Town,7.0
Wes Burns,wls WAL,FW,30.0,,6,489.0,5.4,0.0,1.0,1.0,0.0,0.0,0.0,1.0,0.0,0.2,0.2,1.2,1.4,21.0,2.0,41.0,0.0,0.18,0.18,0.0,0.18,0.04,0.22,0.26,0.04,0.26,Matches,Ipswich-Town,9.0
Cameron Burgess,au AUS,DF,29.0,,5,450.0,5.0,0.0,0.0,0.0,0.0,0.0,0.0,0.0,0.0,0.2,0.2,0.0,0.3,2.0,15.0,1.0,0.0,0.0,0.0,0.0,0.0,0.05,0.01,0.06,0.05,0.06,Matches,Ipswich-Town,5.0
Ben Johnson,eng ENG,"DF,FW",24.0,,4,403.0,4.5,0.0,1.0,1.0,0.0,0.0,0.0,1.0,0.0,0.0,0.0,0.4,0.4,6.0,12.0,8.0,0.0,0.22,0.22,0.0,0.22,0.01,0.09,0.09,0.01,0.09,Matches,Ipswich-Town,6.0
Luke Woolfenden,eng ENG,DF,26.0,,4,378.0,4.2,0.0,0.0,0.0,0.0,0.0,0.0,1.0,0.0,0.0,0.0,0.0,0.0,3.0,9.0,0.0,0.0,0.0,0.0,0.0,0.0,0.01,0.0,0.01,0.01,0.01,Matches,Ipswich-Town,5.0
Jens Cajuste,se SWE,MF,25.0,,4,332.0,3.7,0.0,0.0,0.0,0.0,0.0,0.0,1.0,0.0,0.1,0.1,0.1,0.2,5.0,6.0,3.0,0.0,0.0,0.0,0.0,0.0,0.02,0.02,0.04,0.02,0.04,Matches,Ipswich-Town,6.0
Jack Clarke,eng ENG,FW,24.0,,3,385.0,4.3,0.0,1.0,1.0,0.0,0.0,0.0,1.0,0.0,0.6,0.6,1.0,1.5,6.0,8.0,18.0,0.0,0.23,0.23,0.0,0.23,0.13,0.23,0.36,0.13,0.36,Matches,Ipswich-Town,10.0
Conor Chaplin,eng ENG,"MF,FW",27.0,,3,291.0,3.2,0.0,1.0,1.0,0.0,0.0,0.0,1.0,0.0,0.5,0.5,0.4,0.9,3.0,13.0,11.0,0.0,0.31,0.31,0.0,0.31,0.16,0.12,0.27,0.16,0.27,Matches,Ipswich-Town,10.0
Chiedozie Ogbene,ie IRL,FW,27.0,,3,238.0,2.6,0.0,0.0,0.0,0.0,0.0,0.0,0.0,0.0,0.0,0.0,0.1,0.1,7.0,0.0,15.0,0.0,0.0,0.0,0.0,0.0,0.0,0.03,0.03,0.0,0.03,Matches,Ipswich-Town,5.0
Massimo Luongo,au AUS,MF,32.0,,2,143.0,1.6,0.0,0.0,0.0,0.0,0.0,0.0,0.0,0.0,0.0,0.0,0.0,0.0,0.0,4.0,1.0,0.0,0.0,0.0,0.0,0.0,0.0,0.0,0.0,0.0,0.0,Matches,Ipswich-Town,5.0
George Hirst,eng ENG,FW,25.0,,1,180.0,2.0,1.0,1.0,2.0,1.0,0.0,0.0,1.0,0.0,0.8,0.8,0.3,1.0,3.0,7.0,14.0,0.5,0.5,1.0,0.5,1.0,0.38,0.13,0.51,0.38,0.51,Matches,Ipswich-Town,8.0
Harry Clarke,eng ENG,DF,23.0,,1,96.0,1.1,0.0,0.0,0.0,0.0,0.0,0.0,2.0,1.0,0.0,0.0,0.0,0.0,2.0,6.0,0.0,0.0,0.0,0.0,0.0,0.0,0.0,0.0,0.0,0.0,0.0,Matches,Ipswich-Town,2.0
Christian Walton,eng ENG,GK,29.0,,1,90.0,1.0,0.0,0.0,0.0,0.0,0.0,0.0,0.0,0.0,0.0,0.0,0.0,0.0,0.0,0.0,0.0,0.0,0.0,0.0,0.0,0.0,0.0,0.0,0.0,0.0,0.0,Matches,Ipswich-Town,1.0
Jack Taylor,ie IRL,MF,26.0,,0,160.0,1.8,0.0,0.0,0.0,0.0,0.0,0.0,2.0,0.0,0.3,0.3,0.0,0.3,2.0,14.0,4.0,0.0,0.0,0.0,0.0,0.0,0.17,0.0,0.17,0.17,0.17,Matches,Ipswich-Town,7.0
Ali Al Hamadi,iq IRQ,FW,22.0,,0,45.0,0.5,0.0,0.0,0.0,0.0,0.0,0.0,2.0,0.0,0.0,0.0,0.0,0.0,0.0,0.0,4.0,0.0,0.0,0.0,0.0,0.0,0.0,0.1,0.1,0.0,0.1,Matches,Ipswich-Town,4.0
Marcus Harness,eng ENG,MF,28.0,,0,45.0,0.5,0.0,0.0,0.0,0.0,0.0,0.0,0.0,0.0,0.0,0.0,0.0,0.0,0.0,2.0,1.0,0.0,0.0,0.0,0.0,0.0,0.0,0.0,0.0,0.0,0.0,Matches,Ipswich-Town,2.0
George Edmundson,eng ENG,DF,27.0,,0,2.0,0.0,0.0,0.0,0.0,0.0,0.0,0.0,0.0,0.0,0.0,0.0,0.0,0.0,0.0,0.0,0.0,0.0,0.0,0.0,0.0,0.0,0.0,0.0,0.0,0.0,0.0,Matches,Ipswich-Town,1.0
Conor Townsend,eng ENG,MF,31.0,,0,1.0,0.0,0.0,0.0,0.0,0.0,0.0,0.0,0.0,0.0,0.0,0.0,0.0,0.0,0.0,0.0,0.0,0.0,0.0,0.0,0.0,0.0,0.0,1.6,1.6,0.0,1.6,Matches,Ipswich-Town,1.0
Nathan Broadhead,wls WAL,"FW,MF",26.0,,0,,,,,,,,,,,,,,,,,,,,,,,,,,,,Matches,Ipswich-Town,0.0
Cieran Slicker,sct SCO,GK,22.0,,0,,,,,,,,,,,,,,,,,,,,,,,,,,,,Matches,Ipswich-Town,0.0
Squad Total,,,26.4,,132,1080.0,12.0,13.0,10.0,23.0,13.0,0.0,0.0,35.0,2.0,11.7,11.7,8.7,20.4,153.0,309.0,306.0,1.08,0.83,1.92,1.08,1.92,0.97,0.72,1.7,0.97,1.7,,Ipswich-Town,12.0
Opponent Total,,,27.2,,132,1080.0,12.0,23.0,14.0,37.0,21.0,2.0,2.0,19.0,0.0,25.0,23.4,18.1,41.5,257.0,494.0,490.0,1.92,1.17,3.08,1.75,2.92,2.08,1.51,3.59,1.95,3.46,,Ipswich-Town,12.0
Marc Guehi,eng ENG,DF,24.0,12.0,12,1080.0,12.0,2.0,0.0,2.0,2.0,0.0,0.0,1.0,0.0,1.1,1.1,0.1,1.2,5.0,50.0,1.0,0.17,0.0,0.17,0.17,0.17,0.1,0.01,0.1,0.1,0.1,Matches,Crystal-Palace,
Dean Henderson,eng ENG,GK,27.0,12.0,12,1080.0,12.0,0.0,0.0,0.0,0.0,0.0,0.0,1.0,0.0,0.0,0.0,0.0,0.0,0.0,0.0,0.0,0.0,0.0,0.0,0.0,0.0,0.0,0.0,0.0,0.0,0.0,Matches,Crystal-Palace,
Tyrick Mitchell,eng ENG,"DF,MF",25.0,12.0,12,1030.0,11.4,0.0,1.0,1.0,0.0,0.0,0.0,1.0,0.0,0.3,0.3,1.9,2.2,22.0,30.0,77.0,0.0,0.09,0.09,0.0,0.09,0.03,0.16,0.19,0.03,0.19,Matches,Crystal-Palace,
Daniel Munoz,co COL,"DF,MF",28.0,12.0,12,993.0,11.0,0.0,1.0,1.0,0.0,0.0,0.0,4.0,0.0,1.3,1.3,1.5,2.9,17.0,28.0,74.0,0.0,0.09,0.09,0.0,0.09,0.12,0.14,0.26,0.12,0.26,Matches,Crystal-Palace,
Jean-Philippe Mateta,fr FRA,FW,27.0,12.0,10,844.0,9.4,3.0,1.0,4.0,2.0,1.0,1.0,1.0,0.0,3.2,2.4,1.4,3.7,9.0,18.0,36.0,0.32,0.11,0.43,0.21,0.32,0.34,0.14,0.48,0.25,0.4,Matches,Crystal-Palace,
Maxence Lacroix,fr FRA,DF,24.0,9.0,9,810.0,9.0,0.0,1.0,1.0,0.0,0.0,0.0,3.0,0.0,0.3,0.3,0.3,0.6,2.0,20.0,0.0,0.0,0.11,0.11,0.0,0.11,0.03,0.03,0.07,0.03,0.07,Matches,Crystal-Palace,
Eberechi Eze,eng ENG,"MF,FW",26.0,9.0,9,809.0,9.0,1.0,1.0,2.0,1.0,0.0,0.0,0.0,0.0,3.0,3.0,1.0,4.0,27.0,45.0,58.0,0.11,0.11,0.22,0.11,0.22,0.33,0.11,0.45,0.33,0.45,Matches,Crystal-Palace,
Adam Wharton,eng ENG,MF,20.0,8.0,8,622.0,6.9,0.0,0.0,0.0,0.0,0.0,0.0,0.0,0.0,0.2,0.2,0.6,0.8,6.0,61.0,6.0,0.0,0.0,0.0,0.0,0.0,0.03,0.09,0.12,0.03,0.12,Matches,Crystal-Palace,
Daichi Kamada,jp JPN,MF,28.0,11.0,7,620.0,6.9,0.0,0.0,0.0,0.0,0.0,0.0,2.0,1.0,0.6,0.6,0.6,1.2,13.0,39.0,29.0,0.0,0.0,0.0,0.0,0.0,0.08,0.09,0.17,0.08,0.17,Matches,Crystal-Palace,
Trevoh Chalobah,eng ENG,DF,25.0,6.0,6,537.0,6.0,1.0,0.0,1.0,1.0,0.0,0.0,1.0,0.0,0.4,0.4,0.3,0.6,4.0,13.0,3.0,0.17,0.0,0.17,0.17,0.17,0.06,0.04,0.11,0.06,0.11,Matches,Crystal-Palace,
Eddie Nketiah,eng ENG,"MF,FW",25.0,7.0,6,489.0,5.4,0.0,0.0,0.0,0.0,0.0,0.0,1.0,0.0,0.9,0.9,0.7,1.6,21.0,8.0,38.0,0.0,0.0,0.0,0.0,0.0,0.17,0.13,0.3,0.17,0.3,Matches,Crystal-Palace,
Ismaila Sarr,sn SEN,"MF,FW",26.0,12.0,5,571.0,6.3,1.0,1.0,2.0,1.0,0.0,0.0,1.0,0.0,1.8,1.8,1.7,3.5,19.0,10.0,42.0,0.16,0.16,0.32,0.16,0.32,0.29,0.27,0.56,0.29,0.56,Matches,Crystal-Palace,
Will Hughes,eng ENG,MF,29.0,10.0,5,545.0,6.1,0.0,0.0,0.0,0.0,0.0,0.0,5.0,0.0,0.4,0.4,0.3,0.7,10.0,29.0,12.0,0.0,0.0,0.0,0.0,0.0,0.06,0.05,0.12,0.06,0.12,Matches,Crystal-Palace,
Jefferson Lerma,co COL,"MF,DF",30.0,8.0,5,442.0,4.9,0.0,0.0,0.0,0.0,0.0,0.0,3.0,0.0,0.1,0.1,0.8,0.9,2.0,26.0,11.0,0.0,0.0,0.0,0.0,0.0,0.02,0.17,0.19,0.02,0.19,Matches,Crystal-Palace,
Chris Richards,us USA,DF,24.0,5.0,4,345.0,3.8,0.0,0.0,0.0,0.0,0.0,0.0,1.0,0.0,0.1,0.1,0.0,0.1,2.0,5.0,1.0,0.0,0.0,0.0,0.0,0.0,0.03,0.0,0.03,0.03,0.03,Matches,Crystal-Palace,
Nathaniel Clyne,eng ENG,"DF,MF",33.0,6.0,3,296.0,3.3,0.0,0.0,0.0,0.0,0.0,0.0,0.0,0.0,0.0,0.0,0.0,0.0,3.0,6.0,5.0,0.0,0.0,0.0,0.0,0.0,0.0,0.0,0.0,0.0,0.0,Matches,Crystal-Palace,
Cheick Doucoure,ml MLI,MF,24.0,6.0,2,196.0,2.2,0.0,0.0,0.0,0.0,0.0,0.0,0.0,0.0,0.1,0.1,0.0,0.1,1.0,8.0,1.0,0.0,0.0,0.0,0.0,0.0,0.03,0.0,0.03,0.03,0.03,Matches,Crystal-Palace,
Justin Devenny,nir NIR,MF,21.0,2.0,2,146.0,1.6,1.0,0.0,1.0,1.0,0.0,0.0,0.0,0.0,0.4,0.4,0.2,0.6,3.0,3.0,2.0,0.62,0.0,0.62,0.62,0.62,0.23,0.13,0.37,0.23,0.37,Matches,Crystal-Palace,
Odsonne Edouard,fr FRA,"MF,FW",26.0,2.0,1,115.0,1.3,0.0,0.0,0.0,0.0,0.0,0.0,0.0,0.0,0.4,0.4,0.0,0.4,2.0,4.0,7.0,0.0,0.0,0.0,0.0,0.0,0.31,0.04,0.34,0.31,0.34,Matches,Crystal-Palace,
Joachim Andersen,dk DEN,DF,28.0,1.0,1,90.0,1.0,0.0,0.0,0.0,0.0,0.0,0.0,1.0,0.0,0.0,0.0,0.0,0.0,1.0,4.0,1.0,0.0,0.0,0.0,0.0,0.0,0.04,0.0,0.04,0.04,0.04,Matches,Crystal-Palace,
Chadi Riad,ma MAR,DF,21.0,1.0,1,90.0,1.0,0.0,0.0,0.0,0.0,0.0,0.0,0.0,0.0,0.0,0.0,0.0,0.0,2.0,7.0,0.0,0.0,0.0,0.0,0.0,0.0,0.0,0.0,0.0,0.0,0.0,Matches,Crystal-Palace,
Jeffrey Schlupp,gh GHA,"MF,DF",31.0,9.0,0,85.0,0.9,0.0,0.0,0.0,0.0,0.0,0.0,0.0,0.0,0.1,0.1,0.1,0.2,3.0,3.0,7.0,0.0,0.0,0.0,0.0,0.0,0.13,0.11,0.24,0.13,0.24,Matches,Crystal-Palace,
Jordan Ayew,gh GHA,"FW,MF",33.0,1.0,0,21.0,0.2,0.0,0.0,0.0,0.0,0.0,0.0,1.0,0.0,0.5,0.5,0.0,0.5,0.0,0.0,1.0,0.0,0.0,0.0,0.0,0.0,1.96,0.21,2.17,1.96,2.17,Matches,Crystal-Palace,
Asher Agbinone,eng ENG,MF,19.0,2.0,0,6.0,0.1,0.0,0.0,0.0,0.0,0.0,0.0,0.0,0.0,0.0,0.0,0.0,0.1,2.0,0.0,1.0,0.0,0.0,0.0,0.0,0.0,0.29,0.5,0.79,0.29,0.79,Matches,Crystal-Palace,
Caleb Kporha,eng ENG,DF,18.0,1.0,0,3.0,0.0,0.0,0.0,0.0,0.0,0.0,0.0,0.0,0.0,0.0,0.0,0.0,0.0,1.0,0.0,0.0,0.0,0.0,0.0,0.0,0.0,0.0,0.0,0.0,0.0,0.0,Matches,Crystal-Palace,
Naouirou Ahamada,fr FRA,MF,22.0,0.0,0,,,,,,,,,,,,,,,,,,,,,,,,,,,,Matches,Crystal-Palace,
Rob Holding,eng ENG,DF,29.0,0.0,0,,,,,,,,,,,,,,,,,,,,,,,,,,,,Matches,Crystal-Palace,
Sam Johnstone,eng ENG,GK,31.0,0.0,0,,,,,,,,,,,,,,,,,,,,,,,,,,,,Matches,Crystal-Palace,
Zachariah Marsh,eng ENG,FW,19.0,0.0,0,,,,,,,,,,,,,,,,,,,,,,,,,,,,Matches,Crystal-Palace,
Remi Matthews,eng ENG,GK,30.0,0.0,0,,,,,,,,,,,,,,,,,,,,,,,,,,,,Matches,Crystal-Palace,
Kaden Rodney,eng ENG,DF,20.0,0.0,0,,,,,,,,,,,,,,,,,,,,,,,,,,,,Matches,Crystal-Palace,
Matt Turner,us USA,GK,30.0,0.0,0,,,,,,,,,,,,,,,,,,,,,,,,,,,,Matches,Crystal-Palace,
Franco Umeh-Chibueze,ie IRL,MF,19.0,0.0,0,,,,,,,,,,,,,,,,,,,,,,,,,,,,Matches,Crystal-Palace,
Joel Ward,eng ENG,"DF,MF",35.0,0.0,0,,,,,,,,,,,,,,,,,,,,,,,,,,,,Matches,Crystal-Palace,
Squad Total,,,26.4,12.0,132,1080.0,12.0,9.0,6.0,15.0,8.0,1.0,1.0,27.0,1.0,15.0,14.2,11.4,25.7,177.0,417.0,413.0,0.75,0.5,1.25,0.67,1.17,1.25,0.95,2.2,1.19,2.14,,Crystal-Palace,
Opponent Total,,,27.1,12.0,132,1080.0,12.0,17.0,13.0,30.0,17.0,0.0,1.0,26.0,0.0,19.2,18.4,15.0,33.3,224.0,521.0,517.0,1.42,1.08,2.5,1.42,2.5,1.6,1.25,2.84,1.53,2.78,,Crystal-Palace,
Flynn Downes,eng ENG,"MF,DF",25.0,11.0,11,986.0,11.0,0.0,0.0,0.0,0.0,0.0,0.0,4.0,0.0,0.5,0.5,0.9,1.4,15.0,40.0,18.0,0.0,0.0,0.0,0.0,0.0,0.05,0.08,0.13,0.05,0.13,Matches,Southampton,
Jan Bednarek,pl POL,DF,28.0,11.0,11,980.0,10.9,0.0,0.0,0.0,0.0,0.0,0.0,3.0,0.0,0.0,0.0,0.4,0.5,4.0,31.0,1.0,0.0,0.0,0.0,0.0,0.0,0.0,0.04,0.04,0.0,0.04,Matches,Southampton,
Taylor Harwood-Bellis,eng ENG,DF,22.0,12.0,11,950.0,10.6,1.0,0.0,1.0,1.0,0.0,0.0,4.0,0.0,1.2,1.2,0.4,1.6,5.0,39.0,5.0,0.09,0.0,0.09,0.09,0.09,0.11,0.04,0.15,0.11,0.15,Matches,Southampton,
Kyle Walker-Peters,eng ENG,DF,27.0,10.0,10,890.0,9.9,0.0,1.0,1.0,0.0,0.0,0.0,2.0,0.0,0.2,0.2,0.9,1.1,41.0,44.0,29.0,0.0,0.1,0.1,0.0,0.1,0.02,0.09,0.11,0.02,0.11,Matches,Southampton,
Aaron Ramsdale,eng ENG,GK,26.0,9.0,9,810.0,9.0,0.0,0.0,0.0,0.0,0.0,0.0,1.0,0.0,0.0,0.0,0.0,0.0,0.0,0.0,0.0,0.0,0.0,0.0,0.0,0.0,0.0,0.0,0.0,0.0,0.0,Matches,Southampton,
Mateus Fernandes,pt POR,MF,20.0,11.0,9,797.0,8.9,1.0,1.0,2.0,1.0,0.0,0.0,3.0,0.0,0.9,0.9,1.1,2.0,27.0,45.0,30.0,0.11,0.11,0.23,0.11,0.23,0.1,0.12,0.22,0.1,0.22,Matches,Southampton,
Yukinari Sugawara,jp JPN,DF,24.0,11.0,8,682.0,7.6,1.0,1.0,2.0,1.0,0.0,0.0,2.0,0.0,0.3,0.3,1.5,1.8,12.0,35.0,30.0,0.13,0.13,0.26,0.13,0.26,0.04,0.2,0.24,0.04,0.24,Matches,Southampton,
Jack Stephens,eng ENG,DF,30.0,8.0,8,665.0,7.4,0.0,0.0,0.0,0.0,0.0,0.0,2.0,1.0,0.3,0.3,0.1,0.4,11.0,42.0,1.0,0.0,0.0,0.0,0.0,0.0,0.04,0.02,0.06,0.04,0.06,Matches,Southampton,
Tyler Dibling,eng ENG,"FW,MF",18.0,12.0,7,660.0,7.3,1.0,0.0,1.0,1.0,0.0,0.0,4.0,0.0,1.0,1.0,0.8,1.8,32.0,25.0,40.0,0.14,0.0,0.14,0.14,0.14,0.13,0.11,0.25,0.13,0.25,Matches,Southampton,
Joe Aribo,ng NGA,MF,28.0,11.0,6,653.0,7.3,1.0,0.0,1.0,1.0,0.0,0.0,0.0,0.0,1.3,1.3,0.7,1.9,19.0,26.0,29.0,0.14,0.0,0.14,0.14,0.14,0.18,0.09,0.27,0.18,0.27,Matches,Southampton,
Cameron Archer,eng ENG,FW,23.0,12.0,6,612.0,6.8,2.0,0.0,2.0,2.0,0.0,1.0,0.0,0.0,3.5,2.7,0.2,2.9,9.0,4.0,25.0,0.29,0.0,0.29,0.29,0.29,0.52,0.03,0.55,0.4,0.43,Matches,Southampton,
Adam Armstrong,eng ENG,"FW,MF",27.0,9.0,6,532.0,5.9,2.0,1.0,3.0,2.0,0.0,1.0,3.0,0.0,2.1,1.2,0.3,1.5,11.0,12.0,51.0,0.34,0.17,0.51,0.34,0.51,0.36,0.06,0.42,0.2,0.26,Matches,Southampton,
Ryan Manning,ie IRL,"DF,FW",28.0,5.0,5,329.0,3.7,0.0,0.0,0.0,0.0,0.0,0.0,1.0,0.0,0.1,0.1,0.5,0.6,2.0,1.0,29.0,0.0,0.0,0.0,0.0,0.0,0.01,0.14,0.16,0.01,0.16,Matches,Southampton,
Adam Lallana,eng ENG,MF,36.0,8.0,5,315.0,3.5,0.0,2.0,2.0,0.0,0.0,0.0,4.0,0.0,0.2,0.2,0.9,1.0,5.0,22.0,8.0,0.0,0.57,0.57,0.0,0.57,0.05,0.25,0.3,0.05,0.3,Matches,Southampton,
Ben Brereton,cl CHI,FW,25.0,7.0,4,407.0,4.5,0.0,0.0,0.0,0.0,0.0,0.0,1.0,0.0,0.9,0.9,0.1,1.0,11.0,8.0,39.0,0.0,0.0,0.0,0.0,0.0,0.2,0.02,0.22,0.2,0.22,Matches,Southampton,
Alex McCarthy,eng ENG,GK,34.0,3.0,3,270.0,3.0,0.0,0.0,0.0,0.0,0.0,0.0,0.0,0.0,0.0,0.0,0.0,0.0,0.0,0.0,0.0,0.0,0.0,0.0,0.0,0.0,0.0,0.0,0.0,0.0,0.0,Matches,Southampton,
William Smallbone,ie IRL,MF,24.0,4.0,3,241.0,2.7,0.0,0.0,0.0,0.0,0.0,0.0,0.0,0.0,0.3,0.3,0.3,0.6,2.0,8.0,12.0,0.0,0.0,0.0,0.0,0.0,0.11,0.11,0.23,0.11,0.23,Matches,Southampton,
Ryan Fraser,sct SCO,"FW,DF",30.0,5.0,3,217.0,2.4,0.0,0.0,0.0,0.0,0.0,0.0,0.0,1.0,0.0,0.0,0.1,0.1,5.0,3.0,10.0,0.0,0.0,0.0,0.0,0.0,0.01,0.04,0.06,0.01,0.06,Matches,Southampton,
Lesley Ugochukwu,fr FRA,MF,20.0,6.0,2,211.0,2.3,0.0,0.0,0.0,0.0,0.0,0.0,1.0,0.0,0.2,0.2,0.2,0.4,5.0,3.0,1.0,0.0,0.0,0.0,0.0,0.0,0.09,0.08,0.17,0.09,0.17,Matches,Southampton,
Charlie Taylor,eng ENG,DF,31.0,5.0,2,209.0,2.3,0.0,0.0,0.0,0.0,0.0,0.0,1.0,0.0,0.0,0.0,0.1,0.1,2.0,6.0,6.0,0.0,0.0,0.0,0.0,0.0,0.0,0.03,0.03,0.0,0.03,Matches,Southampton,
Ross Stewart,sct SCO,"FW,MF",28.0,4.0,1,132.0,1.5,0.0,0.0,0.0,0.0,0.0,0.0,1.0,0.0,0.1,0.1,0.0,0.1,1.0,1.0,5.0,0.0,0.0,0.0,0.0,0.0,0.08,0.0,0.08,0.08,0.08,Matches,Southampton,
Paul Onuachu,ng NGA,FW,30.0,6.0,1,114.0,1.3,0.0,0.0,0.0,0.0,0.0,0.0,1.0,0.0,0.1,0.1,0.0,0.1,0.0,2.0,3.0,0.0,0.0,0.0,0.0,0.0,0.05,0.02,0.06,0.05,0.06,Matches,Southampton,
Maxwel Cornet,ci CIV,FW,28.0,2.0,1,72.0,0.8,0.0,0.0,0.0,0.0,0.0,0.0,1.0,0.0,0.2,0.2,0.0,0.2,1.0,0.0,5.0,0.0,0.0,0.0,0.0,0.0,0.2,0.0,0.2,0.2,0.2,Matches,Southampton,
Samuel Edozie,eng ENG,"DF,FW",21.0,2.0,0,65.0,0.7,0.0,0.0,0.0,0.0,0.0,0.0,1.0,0.0,0.0,0.0,0.1,0.1,6.0,4.0,23.0,0.0,0.0,0.0,0.0,0.0,0.0,0.14,0.14,0.0,0.14,Matches,Southampton,
Kamaldeen Sulemana,gh GHA,"FW,MF",22.0,2.0,0,17.0,0.2,0.0,0.0,0.0,0.0,0.0,0.0,0.0,0.0,0.0,0.0,0.0,0.0,1.0,0.0,1.0,0.0,0.0,0.0,0.0,0.0,0.1,0.0,0.1,0.1,0.1,Matches,Southampton,
James Bree,eng ENG,DF,27.0,1.0,0,14.0,0.2,0.0,0.0,0.0,0.0,0.0,0.0,0.0,0.0,0.0,0.0,0.0,0.0,0.0,1.0,1.0,0.0,0.0,0.0,0.0,0.0,0.0,0.07,0.07,0.0,0.07,Matches,Southampton,
Carlos Alcaraz,ar ARG,MF,21.0,1.0,0,10.0,0.1,0.0,0.0,0.0,0.0,0.0,0.0,0.0,0.0,0.1,0.1,0.1,0.2,4.0,6.0,1.0,0.0,0.0,0.0,0.0,0.0,0.62,0.86,1.48,0.62,1.48,Matches,Southampton,
Samuel Amo-Ameyaw,eng ENG,DF,18.0,1.0,0,10.0,0.1,0.0,0.0,0.0,0.0,0.0,0.0,0.0,0.0,0.0,0.0,0.1,0.1,0.0,0.0,2.0,0.0,0.0,0.0,0.0,0.0,0.18,0.62,0.8,0.18,0.8,Matches,Southampton,
Joe Lumley,eng ENG,GK,29.0,0.0,0,,,,,,,,,,,,,,,,,,,,,,,,,,,,Matches,Southampton,
Nathan Wood-Gordon,eng ENG,DF,22.0,0.0,0,,,,,,,,,,,,,,,,,,,,,,,,,,,,Matches,Southampton,
Squad Total,,,26.2,12.0,132,1080.0,12.0,9.0,6.0,15.0,9.0,0.0,2.0,40.0,2.0,13.2,11.4,9.6,21.1,231.0,408.0,405.0,0.75,0.5,1.25,0.75,1.25,1.1,0.8,1.9,0.95,1.76,,Southampton,
Opponent Total,,,26.9,12.0,132,1080.0,12.0,24.0,16.0,40.0,22.0,2.0,2.0,28.0,1.0,25.5,24.1,20.5,44.6,246.0,494.0,491.0,2.0,1.33,3.33,1.83,3.17,2.13,1.71,3.84,2.01,3.72,,Southampton,
